row m/z,row retention time,row identity,Blanch_Nat_Lip_C_12_AB_M_17_POS,Blanch_Nat_Lip_C_19_AB_O_26_POS,Blanch_Nat_Lip_H_17_AB_O_22_POS,Blanch_Nat_Lip_H_30_AB_M_11_POS,Blanch_Nat_Lip_C_19_AB_M_16_POS,Blanch_Nat_Lip_C_27_AB_O_21_POS,Blanch_Nat_Lip_C_12_AB_O_25_POS,Blanch_Nat_Lip_C_14_AB_M_27_POS,Blanch_Nat_Lip_C_14_AB_O_09_POS,Blanch_Nat_Lip_C_30_AB_M_14_POS,Blanch_Nat_Lip_C_34_AB_O_10_POS,Blanch_Nat_Lip_C_4_AB_M_08_POS,Blanch_Nat_Lip_C_4_AB_O_04_POS,Blanch_Nat_Lip_H_28_AB_M_03_POS,Blanch_Nat_Lip_H_11_AB_M_13_POS,Blanch_Nat_Lip_H_17_AB_M_18_POS,Blanch_Nat_Lip_H_26_AB_M_12_POS,Blanch_Nat_Lip_C_7_AB_M_07_POS,Blanch_Nat_Lip_H_11_AB_O_24_POS,Blanch_Nat_Lip_H_2B_M_02_POS,Blanch_Nat_Lip_H_2_AB_M_23_POS,Blanch_Nat_Lip_H_32_AB_M_20_POS,Blanch_Nat_Lip_H_2_AB_O_15_POS,Blanch_Nat_Lip_H_32_AB_O_19_POS,Blanch_Nat_Lip_H_34_AB_M_01_POS,Blanch_Nat_Lip_H_4_AB_O_06_POS,Blanch_Nat_Lip_H_4_AB_M_05_POS
863.6896955,26.67964198,CoQ10,1712878.125,1382124.75,1590718.375,1431300.5,2081089,1125125.25,1184777.625,2071806.875,969736.0625,3061415.75,1360251,2348825.75,1227388.125,1556272,1724501.375,1503287.75,1451675.375,1220161.875,1046162.313,1803499.125,1799981,2349421.25,1196283.875,1372953.5,1536241.625,1156410.25,1906464.125
727.5644411,24.50490123,CoQ8,554221.875,425283.3125,454802.9375,468143.0938,715525.4375,337204.0625,539374.8125,469119.375,361351,708864.625,767828.9375,1264249.75,459031.625,449613.6563,487438.8438,441474.1875,444762.0313,376695.75,218337.7031,456715.9063,472628.0938,590188.0625,296948.375,429411.9063,447353.4375,311702.875,376680.1875
795.6271907,25.71703704,CoQ9,519139.6563,688053.4375,699693.0625,403211.875,888100.25,596501,736611.5625,504298.0313,532638.875,1319711.375,762783.0625,1164968.125,801093.9375,453667.875,954079.75,368251.9688,434176.125,520426.7188,661979.1875,835534.4375,370172.5625,574586.4375,336758.6875,546372.5,440600.8438,474951.3125,272674.9688
600.5551355,23.33503086,DG(16:0/17:0/0:0),344919.7813,529697.1875,341947.2188,349460.4063,184904,346299.875,349191.25,305112.125,364735.4375,404670.1875,368636.0938,348569.2188,295260.9063,396636.8125,322619.4688,244961.6875,255044.7969,167552.2031,459989.5625,459383.8438,213347.0781,683092.9375,378594.7813,336132.9688,156107.75,432033.4688,218947.9531
612.5549276,23.35625309,DG(16:0/18:1/0:0),971529.125,592883.5,477301.625,538825.625,631500.1875,952055.875,491842.3125,755992.6875,632846.0625,1081594.375,559880.1875,778655.1875,525212.875,1404382.75,476531.9375,780659.75,471157.0313,725851.3125,535885.0625,636552.8125,580246.375,638469.3125,662728,435852.3125,496635.1875,715047.0625,477515.0938
610.5391776,22.4546358,DG(16:0/18:2/0:0),804211.4375,704189.5,606755.3125,323625.9063,561385.0625,681085.5,2227875.25,550495.25,829226.6875,1159439.375,1030857.625,455949.1875,579498.25,808519.4375,224578.1406,612798.0625,328854.4063,1201395.25,376896.5,318295.375,341720.5313,547671.375,829366.1875,382138.5313,305407.125,599510.1875,337081.4063
610.5391675,22.4546358,DG(16:1/18:1/0:0)_A,804211.4375,704189.5,606755.3125,323625.9063,561385.0625,681085.5,2227875.25,550495.25,829226.6875,1159439.375,1030857.625,455949.1875,579498.25,808519.4375,224578.1406,612798.0625,328854.4063,1201395.25,376896.5,318295.375,341720.5313,547671.375,829366.1875,382138.5313,305407.125,599510.1875,337081.4063
610.5391821,22.27535802,DG(16:1/18:1/0:0)_B,538058.3125,206672.6875,214647.3438,266162.8438,343039.5,525194.875,157386.8906,345898.9688,235016.625,577859.625,282970.9375,606121.5,191438.7969,540487.8125,224081.6563,291894.5,220335.4375,319599.3438,138436.7031,322477.5,386573.9688,230543.6094,192709.1406,173310.9375,389225.5,268490.1563,302792.6875
614.5705696,23.74396296,DG(17:0/0:0/17:0),265774.375,482229.4688,213037.8906,247981.0781,167122.3906,262029.4063,308810.5938,239617.8438,329290.0938,355569.9063,339476.3438,336172.8438,202515.9375,293284.5313,228194.6406,198273,168171,168724.7656,265711.8438,306911.7813,212574.3438,409676.625,235843.2813,264646.6875,150020.1563,325536.4688,191079.4063
638.5705114,23.42856173,DG(18:1/0:0/18:1),3410918.5,1381133.25,905474.9375,979994.4375,1827907.25,2825092,1188475.5,1723475.5,1157052,2202206.5,818795.4375,1764657.25,1194988.625,3865238.5,969073.6875,2039480,1083805.125,1124163.625,1668460.375,1252031.375,1592017.75,1295579.875,1442555.875,665053.625,1414434,2003071.625,919823.25
636.554517,22.55311728,DG(18:1/18:2/0:0),1210047.125,954308.4375,684499.625,527380.625,985064.0625,1139999.375,906001.375,1079802,833043.875,1555283.375,1110552.5,780751.0625,789814.625,1525477.5,443897.5313,1046975.875,692082.875,883665.6875,858176,503017.25,740618.5625,1120029.375,960134.5625,551899.5625,449794.3125,730839.5625,574879.9375
634.5391661,21.46571605,DG(18:2/0:0/18:2),1040366.063,1104588.375,897136.25,503723.0938,943477.5625,850786.0625,6201968.5,894867.5625,1053570.875,955787.9375,1502131.625,441920.1563,999586.0625,750085.5625,317115.8125,520424.7813,417607.5938,863326.125,648418.3125,424721.5,403789.5625,865055.9375,1176785,559183.8125,327110.9063,782194.8125,403724.6563
908.6294065,18.34119136,DGDG(14:0/18:1);DGDG(15:0/17:1),548745.125,612565.25,571587,658161.125,641711.6875,642227.25,328870.2188,886666.25,658434.125,981563.875,713815.625,942113.875,318013,668611.0625,779442.5,581531.8125,258470.375,892949.3125,475716.1875,1299464,873700.375,998913.4375,621115.0625,781692.375,872291.5625,575784.125,1268794.5
882.6135706,17.36124691,DGDG(15:0/15:0),246153.4219,200530.2344,250542.875,354638.5938,316477.0313,238514.1406,127202.6328,396811.625,213640.8125,475839.9375,263827.8125,414244.625,131829.625,355771.1875,341152.875,301429.5625,117541.625,405817.2188,140084.8125,734045.4375,402247.0313,491817.2813,243704.6094,396278.1875,389536.125,239977.0781,745105
894.6135906,16.96664198,DGDG(15:0/16:1),165667.5781,385747.4688,295407.3125,219818.7656,176892.5156,344883.1875,228083.1563,181772.7188,414267.5625,324260.5938,609030.6875,415614.4063,257714.3438,194214.2656,174716.0313,121583.4766,125142.25,240055.7188,206606.8281,298430.7188,223992.4219,402671.8125,269801.0313,305713,229444.4844,250591.4688,367171.0313
910.6446241,19.43335185,DGDG(15:0/17:0),425526.1563,347106.8125,594693.4375,783460.75,546324.6875,423213.875,186698.1875,821565.5,449793.0938,1111601.75,512127.125,757615.125,188868.2031,688420.3125,954810.1875,728547.25,302187.3125,643593.75,367083.6875,1767081.75,953361.1875,1063977,473047.0625,933108.375,773168.9375,496922.0625,1638333.875
922.6445627,19.02337037,DGDG(15:0/18:1),189322.2969,222334,289806.6875,320964.0625,215783.625,243355.1406,121165.25,331971.7813,320585.0938,439093.1875,394888.375,406951.625,161824.5781,269596.875,297133.6563,256470.3438,134983.5,258152.9531,135066.5156,409232.5,305055.375,578941.125,193910.2969,433930.0938,450631.2188,269434.5625,754513.4375
936.6601433,20.30087654,DGDG(15:0/19:1),272942.2188,123250.7344,197214.6875,404445.4688,300472.4688,194127.9219,141675.3281,384523.3438,104021.9609,430452.2188,172703.7813,471250.2813,199735.6875,422020.9688,570462.125,409609.8125,157152.5,269101.875,129441.25,930451.1875,612742.4375,665611.8125,208313.0469,488820.4688,337174.8125,201154.4844,1024204.25
962.6753872,20.47140123,DGDG(18:1/18:1),408204.1875,441480.7188,432221.9688,242560.5938,465235.2188,353938.5938,321275.25,448162.7188,490784.8125,453732.5938,995221.8125,518000.9375,355136.3125,246983.8594,244231.1563,165273.8125,166400.6406,252165.1563,210990.3594,327640.3125,166681.4375,252350.1719,369447.9375,301877.3125,314938.0625,289921.2188,252041.4219
976.6910469,21.5512284,DGDG(18:1/19:1),388993.4375,480471.8438,282731,144019.7656,238140.9688,534823.75,418731.25,308365.8438,395085.125,358042.875,359448.7813,329661.0313,523383.0938,185607.1719,120808.1172,94672.54688,115750.3906,216655.5625,262615.7188,141645.6406,142318.0156,314645.75,285988.75,233057.8906,245097.0781,283565.6563,148662.4688
990.7064368,22.45311111,DGDG(19:1/19:1),4212220,4830884.5,4742753,3534772.75,4329332.5,6040350.5,4495941,6546269.5,5478196.5,7214051,3943782.75,5504018.5,5391022,2848491.25,5497553.5,2938568.25,2046747.875,4886196,4781147.5,5310086,3804967.75,5927251.5,5274564,4692112,3010719,5448937.5,4597471.5
706.5597601,16.87318519,DGTSA(14:0/18:3),108395.4297,267071.7813,69434.40625,25917.00781,85706.11719,59844.60938,390686.3125,94552.28906,48864.44531,59849.98438,86148.875,65938.67188,127925.5156,19576.09961,10346.38086,4869.204102,21086.00391,45736.11719,19341.49609,15347.53027,7351.995605,20956.19141,21002.76367,20279.47461,24892.2832,33495.3125,13403.67578
712.6070923,20.53124074,DGTSA(15:0/17:0),552434.125,242112.5,443365.9688,561615.375,612066.8125,319973.3125,276498.7813,741441.625,286907.9375,743011.4375,481263.625,1109096.5,294716.4063,621763.375,628410.1875,424927.2813,235712.5,435767.3438,258612.0625,880441.6875,581505.625,866627.6875,574503.5,616987.1875,787434.5,369246.125,802670.0625
710.5914544,19.23348148,DGTSA(16:0/16:1)_A,746166.25,863233.3125,812770.5,794294.0625,796756.125,556196.25,645775.5625,1274582.875,588097.0625,1015867,995558.625,2041450.875,691511.0625,1029578.188,1314896.5,545075.375,267323.1875,924760.5625,526524.625,1169458.375,1124206.625,1363484.625,958600.1875,880774.9375,1039305.875,786545.4375,1248937.75
710.5914992,19.56580864,DGTSA(16:0/16:1)_B,6658946,9947221,9293737,4373599.5,4396737.5,9465831,8459169,5478051.5,8980117,5607921,1.56E+07,1.04E+07,9724699,5862331,3482419,2302981.5,3058375.75,4827108.5,4318264,4067010.5,3712635.75,8473056,8216908,5721454,5496358,8688007,4812025.5
708.5758879,18.50321605,DGTSA(16:0/16:2),168608.2188,221657.7969,260468.3594,61783.55469,87389.42188,144089.5156,187339.4063,85758.64844,107292.6016,78380.19531,178484.4688,116444.8672,173002.4063,78755.48438,24861.91406,27760.45508,50596.64063,74253.11719,54831.59375,49463.54297,34922.91797,85079.32031,89712.4375,140795.0938,81765.96094,113064.75,39021.625
738.6228105,21.40399383,DGTSA(16:0/18:1),5345220.5,3876308.75,4937118,3077639.25,3741070.25,8736777,5655941,3493179.75,3564553.75,3309907,7006580,5610968,3285962.75,4559271.5,2222235.75,2681835,2605019.75,2107599.25,2128838,2053314.25,2164179.75,5418584,5145954.5,3027391,2302512,7838648.5,2812134.75
736.6071482,20.03412963,DGTSA(16:0/18:2),5461167,1.33E+07,5320418,1.28E+07,1.31E+07,3944929.25,1.36E+07,6510283.5,5350515.5,7440665,1.71E+07,1.43E+07,4456418.5,8032506,1033477.5,3314227.75,3180185,916023.8125,2014568.125,3427825.75,6873314,1.62E+07,8724005,1.13E+07,1.00E+07,6275649.5,9473040
734.5912837,19.00279012,DGTSA(16:0/18:3)_A,355900.8125,573147.375,1723235.875,440638.4375,254759.0938,524882.625,1040583.813,280346.375,408550.125,672165.0625,752495.4375,413489.5,1292326.5,187166.0313,103328.5625,94090.67188,133524.0938,243885.2031,212414.9375,69511.71094,50909.25,88268.6875,307319.75,290710.2813,150881.5625,318525.8125,77878.80469
734.5910972,19.42851235,DGTSA(16:0/18:3)_B,236142.3438,98529.16406,71400.42188,1319777.75,133527.8281,117517.7109,139009.4531,5968305.5,481921.1563,741658,929724.3125,115735.4297,56265.625,91095.23438,12136.0791,18972.13672,149045.3125,17182.1875,192823.125,21668.76758,17720.41211,42760.79688,34043.30859,63856.12891,205047.25,30263.31445,23351.1582
732.5755431,17.63171605,DGTSA(16:0/18:4),69238.59375,262812.6875,162236.4219,256224.8281,35037.10938,131182.9688,371552.0625,463668.3438,174113.2031,48405.32422,303918.8125,78792.03125,142298.5938,162671.6719,60630.9375,12784.14746,40452.89453,99407.75,110665.9297,12329.69629,38372.16406,90941.97656,85534.79688,78794.51563,42218.74609,102101.7109,43867.84375
752.6382868,22.31098148,DGTSA(16:0/19:1);DGTSA(16:1/19:0),741502.0625,329017.6563,348629.625,542518.25,364545.0313,393133.5938,447446.0938,627626.25,432868.4063,779840.4375,709902.3125,1045458.563,490178.0625,572212.125,298552.5,283555.4063,276067.5938,461829.5,191747.2344,761441.375,660001.9375,898056.5,433265.6563,433532.5938,452260.6563,387872.25,583547.125
708.5759941,17.68467901,DGTSA(16:1/16:1),2007479.125,3104126.25,2488975.5,951162.25,1220511.875,2224048,3544243.75,1688607.125,1961830.5,1273044.125,5750207,2866660.75,3191905.75,1266056.75,838587.4375,510973.6563,755556.1875,1459743.875,837214.4375,878247.9375,971573.6875,1417701.875,1726417.75,1681280.875,1739258.5,2098907,1290742.25
736.6069841,19.69212963,DGTSA(16:1/18:1)_A,3165781.25,3139466.25,2081562.25,1089055,1703279,3348561.25,2276258,1910708.375,2560424,1400387.75,3116769.25,3025207.25,2550340.75,1835769.125,922181.125,742626.1875,939094.125,1429053.75,1342883.25,1102533.625,1070301.25,1907470.875,2197668.25,1133867,1306862.25,3654091.5,1311106.625
736.6072602,20.38225926,DGTSA(16:1/18:1)_B,491768.0938,707239.25,732809.9375,489344.7813,425373.4063,617946.5,627791.375,347614.9688,590779.9375,843317.5625,1127342.375,514890.9688,461139.0313,339550.2188,155571.2344,168812.8125,268219.3438,445026.5,304197.9375,215159.5625,216753.1406,1047469.438,723266.3125,505809.5625,333677.7188,644745.4375,248900.625
734.5914932,18.22783333,DGTSA(16:1/18:2),309519.9375,957433.125,175538.8281,495373.125,1559282.5,376320.25,1116856.875,345590.375,359829.3125,473983.2188,638444.5625,321374.3438,159525.2031,326116.125,29275.1543,116542.0391,146074.6875,62471.60547,47798.91406,114746.9219,103939.4688,640563.625,318583.9063,351343.7813,196628.8438,185204.1406,118552.8125
740.6386294,21.94637037,DGTSA(17:0/17:0),1710767.75,811562.3125,1497859.375,1364636.875,1313533.25,1345409.5,1054865.875,2068946.875,820209,2318676.25,1136399.875,3608911,1664289.625,1792051.375,1739974.125,1562718.5,624304.75,1563698.75,797495.625,2576885,1619313.5,2766264.5,1346210.25,1203904.25,1465207.75,1511048.5,1802346.75
768.6696267,23.14659877,DGTSA(17:0/19:0),965908.875,273038.7188,676503.625,878079.625,869453.625,531772.5625,358251.0625,1139737,345313.375,1588304.875,488795.5625,2047343.75,539536.5625,1174354.25,779076.625,981025.125,514643.6875,816587.8125,368339.5313,1806675.125,1143868.25,2383454,638715.8125,869493.5625,1205828,623747.75,1172604.375
766.6536686,22.73008025,DGTSA(18:0/18:1),753003,811994.875,874307.4375,640292.8125,606861.5625,733451.125,767393.375,673075.3125,550129.0625,699777.625,1229835.25,1763634,765648.125,914185.9375,356645.75,498017.125,450629.3125,624215.5625,289092.6875,672250.0625,623573.375,839902.4375,703326.625,563771.8125,727225.8125,753537.9375,616799.4375
764.6383558,21.78033951,DGTSA(18:0/18:2);DGTSA(18:1/18:1),631456.6875,2445582.75,1773014.25,2385325.75,2308828.5,869759.0625,2234994.25,3133007.75,1110797.625,939422.9375,4445780.5,1721205.125,933672.0625,985874.6875,345844.4375,467504.7813,473604.0625,311153.5,883118.3125,461248.8438,636694.125,894039.625,1205990.25,1056513.25,1580563.375,1010271.188,822184.5625
764.6383641,21.40531481,DGTSA(18:1/18:1),6463565.5,4742473.5,5824740.5,7220273.5,5067412.5,6774378.5,6004423.5,7194540.5,4192885.5,5979712.5,8573350,1.65E+07,5227316,7308575.5,6927130.5,4657392.5,4831205,4877834,2352958.5,7816737.5,6955429,7375684.5,6108946,5596890,7492061.5,6377238.5,8091269
762.622425,20.1948642,DGTSA(18:1/18:2),869001.3125,3108932,946836.625,616360.5625,2605018.5,1777029.875,1959285.875,1341699.25,824551.0625,1320107.25,2562369.5,1097534.625,868583.25,941698.5625,189901.5781,631810,500771.2813,221569.2656,348428.5313,388556.4375,415422.6875,1892785.625,1354202.125,931634.6875,520042.0625,902110.6875,505778.5938
754.6540207,22.90151852,DGTSA(35:0),1432265.125,463385.5938,1002072.188,1324700.125,827412.625,722876.5625,468906.625,1461674.875,476272.1563,1193712,776453.6875,2616696,879939.875,1740536.625,1415796.75,1287380.875,573832.875,929510.875,466368,1718545.125,1538054,2866760,961644.4375,1026026.313,1038901.625,985241.625,1534402.875
696.5398198,17.35640123,HexCer(d18:2/16:1)_A,254320.6094,1019944.75,556015.6875,291518.125,367965.7813,681907.0625,820460.5,384025.4063,1211011.875,703252.1875,1319818.875,468048.6563,886796.125,472683.4688,200957.3281,276967.2813,276366.9688,298839.875,337571.2813,504413.9688,231565.0781,277438.4375,570766.375,289902.8125,362010.2813,660655.875,335010.0625
696.539726,17.5325679,HexCer(d18:2/16:1)_B,150870.5156,849148.8125,413159.3125,199813.0313,220862.5625,533567.5625,674160.875,242090.6875,1000477.563,358097.6563,1011652,279903.4375,628502.8125,322089.9063,178530.3438,137901.7969,193931.9063,154203.0156,336488.4375,335006.9063,170330.2344,162561.7188,431256.3125,275927.8438,223547.6563,436558.1875,207191.6719
724.570943,19.27141975,HexCer(d18:2/18:1),50144.41797,207800,484796.6563,133358.625,100802.5156,305929.4375,115351.2188,310997.7188,199608.4688,613244.9375,1035542,199494.3281,182407.0313,352355.125,66597.8125,172575.6719,383604.125,82637.59375,214852.9375,766077.75,40630.16797,367243.9063,139249.7969,211792.7969,252055,124152.3438,42516.58203
696.5396339,17.09488889,HexCer(d34:3),324940.4688,462287.4688,338129.375,397523.25,295691.5938,298715.9688,493537.875,962489.375,240650.0625,799288.25,604516.4375,721970.0625,235586.0313,300026.125,116827.4375,209731.1875,103923.6953,266955.625,225360.8281,122267.8281,191127.8438,585780.875,166645.3281,433466.5313,303202.4063,202382.5625,144496.0781
522.3547719,7.618621605,PC(0:0/18:1),144911.8594,240457.4844,67968.57813,65188.80078,58185.96094,85855.96875,220179.4844,89727.02344,242421.7188,137191.875,194065.0625,637028.5625,403095.4063,481210.375,148351.7656,69607.99219,79620.0625,563919.9375,39365.79688,545806.375,132902.5938,116132.7813,384625.75,46190.55469,171335.375,297721.5,150373.125
718.5368961,17.23230247,PC(15:0/16:1),590675.5,483528.6875,352135.2188,389735.4688,447260.4375,334421.0313,734765,495609.875,504979.0938,521155.2813,712959.9375,1356454.125,759295.0625,683304.1875,589616.5,319244.6875,316151.1563,745741.9375,89731.07813,1313515.75,673016.0625,502645.5,685883.625,401769.1875,310563.625,446007.8438,677677.5625
758.5677837,19.13056173,PC(16:0/18:2),1593974.25,3370811.75,1957278.875,1489101.125,1677472,2630324.25,5368835,1661999.75,5001882.5,4696956,3504317,3578908.75,4129931.75,1909552.875,990832.0625,858338.125,533514.8125,2698068,1270877,2787700.25,1472870.25,1891763,3270439.25,1624094.125,798289.125,3852572,1786520.125
730.5370043,16.74606173,PC(16:1/16:1),510672.6875,496522.375,467436.7188,346831.625,552626.4375,356930.9375,552330.9375,574224.4375,565082.9375,521991.5938,766132.1875,1589735.875,662312.1875,712747.8125,477831.375,299646.6875,239462.6406,827147.25,124884.625,979958.25,585465.8125,507404.5938,634754,433712.6563,371229.8125,466609.125,750406.625
758.5679768,18.80320988,PC(16:1/18:1),2888089.25,3023842.25,2224427.75,1587435.5,1897424,2152913,2797695.5,3049456,3570044.5,3143843,3953991.5,7181930,3089012.75,3347052.25,2395724.75,1930036.125,1375410.5,4383355.5,820037.75,4805993.5,3340634.75,2281214,3396458.75,1804670.25,1977413.625,2427899.25,3870394
786.5988442,21.32365432,PC(17:1/19:1),1.25E+07,6699503,6955852.5,5512095.5,7555241,6501528.5,9107102,9276270,7229123,1.12E+07,8556476,2.48E+07,9410860,1.24E+07,1.58E+07,9335465,8296768.5,1.08E+07,4399335,2.23E+07,1.04E+07,1.14E+07,1.05E+07,7609478.5,4401828,9765915,1.41E+07
789.6079678,20.69600617,PC(18:1/18:1)_A,461426.625,360435.4375,350509.9063,237090.4375,335436.75,350391.0938,348614.9063,446124.5938,474495.5938,489708.9688,382524.4063,676360.8125,541384.5,532220.5625,367215.4375,278324.625,185247.8125,441106.1563,215676.7344,1069079.125,474679.9375,319704.7813,433029.6875,293001.5,225655.7031,504718.3125,548125.4375
789.6083284,20.8069321,PC(18:1/18:1)_B,183877.2656,360435.4375,350509.9063,92949.6875,142040.625,350391.0938,290419.5938,203254.1406,474495.5938,209741.2969,224994.7969,375256.4375,541384.5,262101.9219,139907.1094,135145.0469,85216.53125,312099.5938,215676.7344,573162.3125,222092.0469,229962.3281,420576.625,232337.0625,110308.0313,504718.3125,326816.8438
784.583432,19.35933333,PC(18:1/18:2)_A,2111168,3437406.75,3244961,948446.5625,1679265.875,3826672.5,5085937,1482087.125,3775093.75,6190864.5,3969652.75,2788365,5268459.5,1715072,1169488.125,1121339.375,809791.5,1921090.125,1880752.125,1916497.5,1543120.625,2400006.25,3588305,2053631.375,537260.3125,3704819,1223202
784.5832502,19.88801852,PC(18:1/18:2)_B,4007664,1008558.063,2042908.625,2063346.125,2706308.75,1001447.063,888892.9375,2384944,1328186,3052909,1003337.688,3910298.75,1689738.5,4421939.5,5617102,3261339.5,973742.3125,2352313,1325659.875,1.45E+07,3057365.5,2148959.75,2765288,2372690,845703.8125,2791674,4530953.5
800.6142969,21.37197531,PC(18:1/19:1),5196994.5,4419727.5,3614399.5,3085642,5459569,3298394,3837680.75,6648454,5525758.5,1.08E+07,5455669,9942824,4471952,7080432.5,6549864.5,3519168.25,2842815,1.01E+07,2181103.75,1.17E+07,6524459.5,6877157.5,7923912.5,4982720.5,3576199,6404071,8345722
808.5835942,19.04258025,PC(18:1/20:4),261972.1094,593762,766510.1875,262161.875,226295.4688,521629.75,986632.9375,280916.3125,575149.4375,521622.7188,795987.875,739855.5625,770279.125,266517.5313,214687.9063,246479.5625,166186.9688,541252.6875,189122.9844,368149.0625,341631.0625,524502.125,522346.4063,378272.5625,180989.4063,579905.75,239787.7969
782.5682294,17.80785802,PC(18:2/18:2),2554511.75,5787016.5,5477220,3184935,5468353.5,3903779.5,1.16E+07,3040416.75,8246584,7346255,7338560.5,4606227.5,6007553.5,2037135.125,1428578,1664719.125,817835.375,3072211,1553046.625,3241000.5,1174954.375,2050988.5,4107514.5,4064767.75,867141.6875,4645027,1111681.875
536.370783,8.517906173,PC(19:1/0:0),249949.2188,63732.625,13896.49219,97447.07813,85929.58594,41839.79688,43807.92578,104018.4766,92439.125,90644.23438,82563.78125,701510,154528.5313,932230,276396.4375,99026.1875,119768.6875,509638.2188,19115.26758,690055.4375,186363.8281,128465.4531,43232.71484,27404.66992,239660.6875,73089.29688,163814.9688
814.6304096,22.66819136,PC(19:1/19:1),3.84E+07,2.57E+07,2.65E+07,2.21E+07,2.55E+07,2.67E+07,3.08E+07,3.61E+07,3.18E+07,4.07E+07,2.21E+07,5.70E+07,3.32E+07,4.22E+07,3.91E+07,3.18E+07,1.73E+07,3.61E+07,2.04E+07,5.80E+07,3.83E+07,4.45E+07,3.47E+07,3.40E+07,1.70E+07,3.51E+07,4.60E+07
830.5683879,17.10780247,PC(20:4/20:4),159711.8125,522052.4688,379094.0938,131373.0313,139195.4063,157960,753838.6875,116639.4141,336554.9375,164504.8438,595089.125,393709.6563,483927.4063,168474.0469,138967.7188,113738.6016,87210.13281,142787.7344,95579.30469,203668.5156,169864.375,300360.9688,272549.75,278461.0313,83916.14844,338524.6875,200718.7813
792.7062533,26.60078395,TG(46:2),516163.0938,777259.75,735182.6875,491645.5625,821815.75,460715.375,720916.1875,885962.25,731998,800029.125,760570.1875,902757.8125,450169.0625,683472.3125,314650.1563,365046.7188,276885.7813,744006,362244.3438,632473.4375,575521.3125,543738.75,730784.75,429771.6875,467261.2188,452306.3125,408666.875
790.690567,26.03788272,TG(46:3),159194.2344,275086.8438,197394.2344,225630.4219,434033.7188,186002.875,234774.0156,705256.125,302351.2188,477100.9688,130576.2031,312354.3125,130360.2344,259074.1094,146431.2031,166188.5625,121750.4453,445926.9063,162596.9375,316049.7813,234265.7188,261919.5625,255821.8906,130129.8438,219986.875,201126.0469,254295.6094
808.7377883,27.37452469,TG(47:1),252086.7344,296190.9688,477797.4063,405666.625,256816.2813,396757.2813,372524.0313,366098.4375,439623.4375,605531.25,641274.4375,939333.75,221638.6875,435883.6875,314549.1563,269702.0313,263160.5625,451449.1563,332154.4375,549924.75,459237.3438,538520.8125,387753.6563,351914.9688,401325.2188,343417.0313,312778.7813
806.7219195,26.83533951,TG(47:2),364574.625,842787,930876.9375,742649.75,450308.2813,539314.6875,798707.3125,938772.875,1089923,817181.125,1026457.5,1129122.5,367603.8125,760495.0625,403418.1563,570084.5,383528.2813,748449.0625,387481.375,789820.375,661913.3125,720843.9375,875390.3125,618484.125,692677.625,501445.0938,620791.75
804.7065848,26.30774691,TG(47:3),96039.35156,266984.2188,270611.5313,167969.0156,184601.0938,176986.8438,242102.1406,315986.625,323961.125,258086.7969,315504.25,272596.5,169548.8438,231673.6719,121372.6641,136810.5625,95059.22656,307157.9063,94740.21875,253674.6406,170442.75,157942.8594,275151.5313,133737.5938,186091.0469,164181.9844,145989.3438
824.7687572,28.15735802,TG(48:0),376163.7188,448973.4063,542004.5,701982.1875,425268.8438,275515.0313,549271.0625,501971.5,697349.375,528876.875,553099.25,1625344.125,176392.9531,712219.25,548388.8125,450710.625,666363.5625,669034.125,335930.5,894036.8125,454615.1875,475337.7813,365435.5313,443364.8438,376261.5625,342280.1875,482725.9688
822.7531972,27.65147531,TG(48:1),2796699.75,2371441.5,2803463,2649268,3349523.25,1687553.375,3611761.25,2305825.25,2659454.75,2950779.75,2141004.75,4679440,1621381.375,2139368,1969706.875,1617029.75,1997645.625,2125535,1425468,1873165.375,2455199.5,1784647.25,3154646,1078640.25,1706389.375,2032564.5,1237638.625
820.7375502,27.14659259,TG(48:2),4785168,4361434.5,5325321.5,5486701,1.13E+07,5590887.5,6773678.5,5601660,4981108,5530543,3504248.75,4763574,2611310.25,1.67E+07,2231211.75,4579038,6153248,4187452.5,2509958.75,2848664.25,3496161.75,2193055.75,6344133,1831306.75,3198789.25,4501156,2290864.25
818.7220324,26.58125309,TG(48:3),1972581.5,3968230.75,3536885,3672575.25,6077426,5737350.5,3528615,5352113,6412046.5,4686346,2466965,2915847.75,1809522,1.13E+07,1243264.625,4208620,3351220.25,3378352.75,2763569.5,3597509.5,3000507,2200810.5,3706864.25,1954718.375,2999885.25,3098470.25,2127299
836.7685423,27.85374074,TG(49:1),351708.8438,328137.9375,589081.8125,482391.0625,333590,501318.3125,400644.8438,454793.5938,531660.75,1616118.375,768146.1875,960795.0625,325196.5938,595972.6875,371355.625,356276,386173.625,567163.75,460963.3438,572764.5,481493.4063,672371.625,437704.125,488870.875,513555,397264.9063,408007.2188
834.7535027,27.27830247,TG(49:2),334048.875,622720.375,873240.5,1058490,395606.25,415874.9375,495627.75,861148.125,712896.5,858931.625,688181.0625,1433730.875,424942.9688,868316.4375,566423.1875,752889.25,465226.0625,544054.875,400223.8438,851297.25,683211.625,718162.375,789126.75,851879.3125,824633.6875,621888.375,685254.9375
850.7842494,28.13057407,TG(50:1),637605.125,563739.6875,776708.4375,907911.5,696763.0625,1321694,955709.75,760491.75,1079252.375,2704878.75,953975.8125,1701464,351562.6875,1476702,643591.9375,676224.6875,1093425.625,1552820.75,816492.5625,693947.75,723589.0625,1437473.75,1092211.5,952612.5,574456.25,938795.75,639250.5
848.7686635,27.65435185,TG(50:2),3580471,2035937.75,2578737.75,1800414.25,5350877,4269993.5,3034587.5,3764576.5,2445575.75,7759045,2394132.75,4185281,1597102.375,9121460,1852474.5,2564147,3183069.75,3665669.5,2448740.25,3086260,2484282.25,3154495.25,3471933,2831506.25,2899442.25,2903498.25,2401154.25
846.7530372,27.19890123,TG(50:3),3000870,1513769,2544290.25,1174624.375,4181662,4584032.5,2176130.25,3229440.75,2293044.25,7073091,1339177.625,2301910.5,1260266.75,6086957,1289504.625,2378345,1556146.125,4718459,2047087.125,4110492,2232121.25,2048886.125,2110168.5,2006494.5,1911980.75,1835459.375,2505052.5
844.7374487,26.77254938,TG(50:4),705313.4375,384278.6563,746776.25,354015.4688,673559.4375,1151467.125,482469.25,628366.0625,435043.2188,1369927.625,352142.9375,707216.1875,291332.9375,2031100,292683.1875,435764.4688,380227.0625,1625872.5,532294.3125,801682.3125,518463.9375,652574.0625,442798.1563,303822.6563,519632.6875,312601.2813,506947.25
864.800106,28.28401235,TG(51:1),312992.0313,199135.5313,366785.4375,239092.0938,249811.4219,355577.1875,282661.875,305211.9688,316868.5625,868599.375,490966.5,613841.5625,228272.2969,464230.4063,264862.4375,226391.1719,293194.3125,386556.5313,409713.875,451570.2813,310484.8438,471827.6563,268159.2188,355763,356800.3438,314654.4688,309972.3438
862.7843515,27.89698765,TG(51:2),1402738.25,795478.1875,1129766.625,671047.0625,824385.5,1371714.5,953360.4375,988314,799082.25,3489971.75,1377860.25,1879484,913287.8125,1375036.5,764373,781667.4375,699740.875,1008505.688,1110624,1173472.25,808496.0625,1305553.25,966774.625,813351.5,913528.3125,988696,764244
858.7531135,27.05788889,TG(51:4),394102.0625,293620.5313,624807.1875,268087.9688,371318.8125,420917.9688,338810.0625,383654.125,390929.4688,1094145.25,899580.3125,483400.25,282800.7813,432155.3125,248502.2813,332141.5625,279558.5938,1552180.375,361375.5313,371952.8438,387378.4688,547827.375,562512,485670.3438,284462.7188,403986,289093.125
878.8164862,28.56917284,TG(52:1),992768.75,367023.75,430681.2813,631381.9375,476142.8125,904011.5,805206.3125,781445.4375,1281963,1452334.875,634614.6875,1093347.375,444003.5625,884930.1875,494860.5938,448645.0625,477106.5313,829589.0625,1407222.5,854973.25,772722.0625,488231.1563,898732.375,449953.8438,512229.4375,818426.25,579943.625
876.7999598,28.13057407,TG(52:2),7076868.5,6221901.5,4988235,5323376.5,7925672,8770491,7115658.5,7736069.5,6512872,1.25E+07,5115162.5,1.10E+07,5260993.5,1.38E+07,6144004,6287255,6160698.5,8118538.5,8264082.5,7441095.5,7460103.5,6521929.5,1.03E+07,6248809.5,7200656.5,7593659,5952070
874.7842468,27.71491358,TG(52:3),8947282,5381937.5,5336416.5,4381744,7078269,1.05E+07,7324005,8181614,5419674.5,1.29E+07,4924376,8171369,5243235.5,1.15E+07,5837126,6587645,5040853,9734792,7317082,7368598,7527647.5,6604795,8641154,6081904.5,5896716.5,7285896.5,6469480.5
872.7685817,27.29931481,TG(52:4),6365373.5,3519799.25,4735265,2783291.75,4573939.5,5776528.5,5304885.5,5297890,3941115.25,8570197,4712752,3752274.5,6959717,7323358.5,2977666.75,5285476.5,2765206,1.14E+07,5654047,4887655.5,5205003.5,3953924.25,5809412.5,3319757.75,3445957.5,4334260.5,5005355.5
870.7530482,26.85896296,TG(52:5),1480333.75,761947.5,867205.75,536547.125,1165153.875,1394792.75,1144393.25,1838669.75,634027.9375,1908070.75,680405.8125,695251.375,797398.6875,1785252.25,544953.5,901215.9375,605199.3125,6153397,840453.5,888230.25,882193.5,690639.0625,860823.5,549673.875,662521.125,608683.625,1205199.25
892.8316601,28.67714815,TG(53:1),218819.6563,84763.63281,167062.8594,129595.8203,161653.4375,158980.0313,116504.3594,179507.875,139290.5,499445.2188,212614.5625,337964.125,134922,264619.6563,164793.8125,130593.2109,189628.5,224152.0938,445802,307768.7188,146290.5625,234157.9063,135182.6563,183758.2344,241266.3438,200159.4063,158685.5156
890.8157783,28.3350679,TG(53:2),869639.8125,537147,671259.75,410767.6563,579932.1875,810858.875,599301.875,536234.25,596654.3125,1435507.5,880629.125,871847.625,674736.25,727099.8125,438858.7813,474347.5,534299.5625,559918.5625,834930.9375,711143.5625,456270.5625,796883.25,636525.875,586294.75,520608.0625,631173.375,418416.8125
888.7999888,27.94254938,TG(53:3),1417700.25,841822.125,1123959.75,663838.0625,768203,1266403.25,1102696.75,803457.6875,983784.375,2252622.25,1232008.75,1304554.625,1188472,1087814.25,702986.375,825242.5,681407.75,864052.375,1206907.625,1048248.75,802117.3125,1202580.625,1084575.375,901554.4375,659619,1033994.625,655726.5
886.7844952,27.53306173,TG(53:4),658486.0625,584437,1228275.875,509643.3125,528631.6875,802664.0625,806852.4375,575584.375,910601.75,1429307.375,1068992.125,784822.8125,799446.625,818346.625,580218.8125,620718.8125,483599.8438,889133.9375,876068.5625,739279.9375,688233.125,904578.5,1190933.25,985105.4375,349217.875,933455.1875,555877.125
884.7687325,27.07824074,TG(53:5),286262.875,271301.0625,688357.875,265065.0938,278559.2813,413695.2188,356212.5313,351642.0313,380385.875,590541.375,693096.4375,322366.5625,383318.6875,341805.7188,312762.6875,285462.5,232795,706499.125,479587,331256.75,485495.25,525832.8125,708873.5625,624794.875,150359.8125,527057.375,258152.4219
882.7528498,26.62097531,TG(53:6),120519.7813,158314.9219,1069869.75,213163.0938,128428.9219,220571.2031,249202.0156,247980.8906,520225.9063,148539.7188,1374584.625,130574.9688,333131.2813,130417.6406,238961.5313,232228.2344,147264.875,421947.7188,210909.0625,219211.1875,398793.0938,377581.375,964441.75,843412.25,70510.00781,497560.75,156272.4063
906.8470854,29.00929012,TG(54:1),1006801.625,256537.7344,201186.3281,489367.5313,204194.6719,380450.1563,720954.3125,515371.4375,1049738.625,430516.625,381483.625,445348.4063,251723.5156,558088.625,316957.2188,205840.0938,206657.9844,292820.625,896502.875,608117.875,513265.7813,304077.5313,382845.0625,243313.6094,173059.2969,438917.7188,283787.6875
904.8322047,28.56303086,TG(54:2),3688897,2555404.25,1648812.375,2074363.375,3626987.75,3914965.5,2751865,4386669.5,3470832.75,4609018,2332872.5,3757361,4042484,4232523.5,2000115.375,1982953.625,1707632.875,2268191.25,4839684.5,3148005,3899485.25,1508272,4557917.5,1677433,3515962.5,3294973.5,2499543
902.8153365,28.12506173,TG(54:3),1.57E+07,1.41E+07,9949367,1.06E+07,1.70E+07,1.53E+07,1.35E+07,1.59E+07,1.33E+07,1.94E+07,1.01E+07,1.95E+07,1.65E+07,2.10E+07,1.35E+07,1.52E+07,8901567,1.12E+07,1.82E+07,2.20E+07,1.96E+07,8774612,1.93E+07,9803016,1.63E+07,1.40E+07,1.27E+07
900.799543,27.73277778,TG(54:4),1.44E+07,1.11E+07,9385693,7369224,1.28E+07,9473254,1.14E+07,1.53E+07,1.07E+07,1.47E+07,9532285,1.30E+07,1.27E+07,1.74E+07,1.11E+07,1.19E+07,7106944,1.15E+07,1.46E+07,1.77E+07,1.88E+07,9047863,1.36E+07,7664271.5,1.13E+07,9923582,1.29E+07
898.784124,27.31069753,TG(54:5),1.05E+07,8061825,8127774.5,5563328,1.20E+07,8504571,8947594,1.43E+07,7005635.5,1.27E+07,8451146,7681469,1.00E+07,1.35E+07,6479883.5,9845162,5056298,1.19E+07,1.14E+07,1.24E+07,1.41E+07,6930806.5,1.05E+07,6662034.5,8080643.5,9162887,1.15E+07
896.7684625,26.86974691,TG(54:6),8235898,4753699,7212377,4538977,1.20E+07,5872962.5,7285704.5,1.52E+07,6315749,8226856,6724790.5,5418310.5,1.42E+07,8382348,4103558,8670893,3014728.75,1.41E+07,1.01E+07,8438109,8161011,5422874,8889060,5595870,4836413,6093496.5,1.12E+07
894.7529071,26.47407407,TG(54:7),678114.875,722456.125,607708,362354.7188,787552.3125,422873.0938,849957.4375,662164.125,493083.125,730644.5625,673064.5,458139.5,455435.9063,476523.5,405770.4688,726314.5,228372.1563,1264879.75,642792.625,637153.3125,602278.25,342792.9063,689155.5625,366538.3125,544906.875,515442.4688,528607.5
916.8308971,28.39825309,TG(55:3),428815.8125,217860.9688,360374.1563,171258.6875,275169.5,415519.0625,393707.7813,213328.5781,268133.3438,473824.375,288332.375,364174.1563,291166.5313,364057.8125,231385.7656,238255.7344,209184.4844,270529.625,334799.4688,300570.875,274697.25,371178.7188,331428.4063,276802.8125,189172.8438,258865.5313,305819.0938
934.8780707,29.45059259,TG(56:1),181917.5156,86674.04688,71194.24219,91093.78906,94239.59375,105320.4219,124501.5547,113307.6484,147599.2188,93279.69531,120064.9219,158154.5938,85376.57813,141719.2656,84075.07813,85557.96875,99691.35938,106143.2422,130580.5781,120260.6172,109718.7188,110960.4141,142885.3906,73287.66406,68673.84375,101226.9453,87034.75
932.8629173,28.98612963,TG(56:2),771379.375,365556.0938,275508.0313,356922.2188,458202.6563,474634.6875,444250.7813,558849.125,422558.9375,702891.5625,354349.7813,505529.5,533765.25,983714.4375,212860.8906,314353.3125,339366.375,404443.9688,473244.0625,362056.3125,629126.25,298167.25,590542.9375,244055.6094,558085.5,432981.5625,275207.2813
930.84698,28.5340679,TG(56:3),745075.625,364155.0625,284254.4063,349634.2188,802543.5,505886.4063,361199.125,741884.5625,311202.4063,1339710.625,461094.6563,610083.625,562059.125,1019543,331650.4063,561339.25,309494.2813,925206.25,454596.125,678974.0625,1252304.125,199159.5469,777497.0625,265623.875,915360.25,461480.3438,593488.375
926.8149698,27.78669136,TG(56:5),366722.9688,237109,231287.0313,194554.7188,461119.25,251397.7656,233462.2031,468806.375,228702.9063,703216.3125,306778.1563,347764.3438,255628.5313,868589.5,202754.3281,487486.1563,432533.5938,1646718.875,374501.1875,930436.5625,777232.9375,368141.75,359067.125,291651,429861.1875,274594.0625,1582793
924.7997502,27.35626543,TG(56:6)_A,714873.125,226718.9844,162816.2813,132895.2188,698775.8125,238033.8281,202797.2188,593802.1875,149610.25,814618.5625,270111.2813,233387.3281,477418.5,1126117.5,140010.7969,616542.4375,534546.1875,1785447.375,430495.5625,948650.375,869535.625,335069.0625,242730.6563,185192.375,729105.1875,281103.9688,2647443.5
924.7995681,27.57823457,TG(56:6)_B,350168.9375,320725.1563,403155.2813,433815.7188,733813.9375,507533.6563,395766.875,600133.5625,336298.75,662722.75,341875.1563,561273.9375,281739.7813,640684.75,250007.9063,378046.9063,261668.2813,552998.3125,496728.5313,540149.3125,396927.9375,472239.6563,385160.875,322521.5625,357391.1563,343667.6875,363552.0313
922.7841174,27.19807407,TG(56:7),251481.7188,345097.4688,352987.6875,413610.6875,542151.5,498093.4375,321531.2188,524614.75,354373.9063,575289.4375,359068.5,538113.0625,330664.6563,516107.0938,260705.3125,268391.8125,214354.1406,496556.1875,433961.8438,477885.7188,412197.0625,450897.5313,362291.4063,255637.5,301511.4688,291496.6875,278032.7813
920.7682201,27.00567901,TG(56:8),90399.24219,79360.70313,240325.6563,173456.6563,136503.3438,99353.42969,100816.9766,1461526.875,80652.24219,118372.1484,96237.88281,176749.7188,58271.40234,459897.3438,72818.53125,160462.4219,198210.7656,130865.8594,106640.3359,147204.8438,579818.5,154696.0313,120381.0859,80811.36719,271715.1563,101424.9922,130801.2109
962.9091483,29.94889506,TG(58:1),98100.40625,27940.57813,38835.05469,52518.1875,51743.25391,35459.48047,59593.42578,83383.5,70929.51563,81131.24219,56388.73828,113155.875,53386.07031,94012.71094,42965.02734,44094.57813,58779.12891,55835.70703,70045.11719,68047.48438,54539.09766,46443.84375,72763.60938,39144.42188,58258.04688,67046.75,50840.57813
942.7526292,26.18912346,TG(58:11),115591.9609,162187.0625,206725.6406,131798.6094,224309.5156,199128.6406,83158.17188,432916.6563,103946.9688,150170.2031,152698.6406,359887.0625,228056.7813,2178402,89331.53125,123119.5234,106237.7891,117645.3281,103519.8125,139029.8438,170341.9375,113909.2188,136246.6094,54873.71094,134396.9063,94285.10938,99895.11719
960.8934374,29.43447531,TG(58:2),510634.25,298535.75,150900.3125,202176.375,313024.0938,303748.5938,308818.4063,422992.4063,215946.0469,342542.6563,222197.7344,381529.5,477365.5938,540962.625,188879.3438,232487.25,171247.8281,218345.5938,274449.9375,268576.7813,456311.4375,222222.3125,400323.5313,156060.2656,320992.9063,301606.9375,234360.2344
958.8780462,28.98962346,TG(58:3),364480.9688,134019.6719,112358.8516,134491.9219,200131.875,170462.9844,164663.6719,213818.9844,94741.17969,320977.7188,169866.8125,224658.5625,161070.0469,451761.5313,100521.8906,174114.8438,103702.2266,209994.7344,151199.2031,182089.7813,393936.125,116916.9453,216896.0156,106089.2422,299277.9063,155733.9375,162981.9688
946.7838118,27.00716667,TG(58:9),146347.3906,156686.7031,226785.6094,250010.1406,310181.6875,184513.9688,161761.7344,435680.6875,150482.0938,239955.9219,157155.0313,310657.9688,112180.4844,319264.3438,172322.0469,291707.3438,175792.0938,220148.7188,192854.0156,336013.625,310188.7188,211279.5781,244251.2031,155699.5938,156249.625,193805.2031,197257.4375
974.9089837,29.68583951,TG(59:2),124418.9063,66842.26563,45044.01172,49643.66016,84309.875,82089.14063,97315.17188,83731.94531,58892.00781,90318.65625,65667.70313,111610.3203,143935.25,116421.6953,86115.39063,69593.16406,67258.15625,65547.625,90657.86719,74535.85938,82981.53906,76416.48438,101389.4375,60363.92969,60688.27734,93168.91406,50523.14844
972.8933173,29.23854938,TG(59:3),95238.65625,48155.45313,54208.62891,50936.94141,80828.91406,56654.64453,66936.07031,69660.1875,50366.375,93515.50781,58182.26953,98167.11719,53169.72656,100354.1719,53712.30859,69893.96875,42886.10547,81473.23438,58473.83594,69842.66406,88325.35156,60034.10938,87856.75,41605.37109,51559.10547,78856.4375,63613.16406
988.9248733,29.92791358,TG(60:2),336902.625,92504.58594,135294.6719,127012.2031,218134.8125,118204.8281,196715.0625,227950.8125,109970.2656,200576.3125,69000.98438,274181.25,283977.6875,360376.0313,152212.125,171174.5938,137091.7344,123499.6172,184298.3906,166099.8281,198517.1563,132203.25,204559.0781,114725.6641,213296.0625,167478.8125,155211.125
986.9091321,29.43375926,TG(60:3),356213.5625,90000.67188,107773.7969,108966.0391,166639.2031,106852.6484,138215.8906,193138.5156,70896.71875,264235.0313,82151.99219,276026.625,97517.11719,324248.75,100931.1484,153477.6406,92667.60156,126335.1875,120217.9063,159348,197723.25,103490.0859,205205,84988.30469,346022.0938,122549.2813,167550.25
