"","row.identity","C_12_AB_M_17_","C_19_AB_O_26_","H_17_AB_O_22_","H_30_AB_M_11_","C_19_AB_M_16_","C_27_AB_O_21_","C_12_AB_O_25_","C_14_AB_M_27_","C_14_AB_O_09_","C_30_AB_M_14_","C_34_AB_O_10_","C_4_AB_M_08_","C_4_AB_O_04_","H_28_AB_M_03_","H_11_AB_M_13_","H_17_AB_M_18_","H_26_AB_M_12_","C_7_AB_M_07_","H_11_AB_O_24_","H_2B_M_02_","H_2_AB_M_23_","H_32_AB_M_20_","H_2_AB_O_15_","H_32_AB_O_19_","H_34_AB_M_01_","H_4_AB_O_06_","H_4_AB_M_05_","charge","V30","Organic P-values"
"1","CoQ10",1712878.125,1382124.75,1590718.375,1431300.5,2081089,1125125.25,1184777.625,2071806.875,969736.0625,3061415.75,1360251,2348825.75,1227388.125,1556272,1724501.375,1503287.75,1451675.375,1220161.875,1046162.313,1803499.125,1799981,2349421.25,1196283.875,1372953.5,1536241.625,1156410.25,1906464.125,"POS",0.273913976256096,0.811565552573067
"2","CoQ8",554221.875,425283.3125,454802.9375,468143.0938,715525.4375,337204.0625,539374.8125,469119.375,361351,708864.625,767828.9375,1264249.75,459031.625,449613.6563,487438.8438,441474.1875,444762.0313,376695.75,218337.7031,456715.9063,472628.0938,590188.0625,296948.375,429411.9063,447353.4375,311702.875,376680.1875,"POS",0.332534700357537,0.617175349533815
"3","CoQ9",519139.6563,688053.4375,699693.0625,403211.875,888100.25,596501,736611.5625,504298.0313,532638.875,1319711.375,762783.0625,1164968.125,801093.9375,453667.875,954079.75,368251.9688,434176.125,520426.7188,661979.1875,835534.4375,370172.5625,574586.4375,336758.6875,546372.5,440600.8438,474951.3125,272674.9688,"POS",0.206878047764339,0.590610663374869
"4","DG(16:0/17:0/0:0)",344919.7813,529697.1875,341947.2188,349460.4063,184904,346299.875,349191.25,305112.125,364735.4375,404670.1875,368636.0938,348569.2188,295260.9063,396636.8125,322619.4688,244961.6875,255044.7969,167552.2031,459989.5625,459383.8438,213347.0781,683092.9375,378594.7813,336132.9688,156107.75,432033.4688,218947.9531,"POS",0.151618872551465,0.109334528855966
"5","DG(16:0/18:1/0:0)",971529.125,592883.5,477301.625,538825.625,631500.1875,952055.875,491842.3125,755992.6875,632846.0625,1081594.375,559880.1875,778655.1875,525212.875,1404382.75,476531.9375,780659.75,471157.0313,725851.3125,535885.0625,636552.8125,580246.375,638469.3125,662728,435852.3125,496635.1875,715047.0625,477515.0938,"POS",0.0985436251905299,0.11024917744782
"6","DG(16:0/18:2/0:0)",804211.4375,704189.5,606755.3125,323625.9063,561385.0625,681085.5,2227875.25,550495.25,829226.6875,1159439.375,1030857.625,455949.1875,579498.25,808519.4375,224578.1406,612798.0625,328854.4063,1201395.25,376896.5,318295.375,341720.5313,547671.375,829366.1875,382138.5313,305407.125,599510.1875,337081.4063,"POS",0.560477721944342,0.737744527663367
"7","DG(16:1/18:1/0:0)_A",804211.4375,704189.5,606755.3125,323625.9063,561385.0625,681085.5,2227875.25,550495.25,829226.6875,1159439.375,1030857.625,455949.1875,579498.25,808519.4375,224578.1406,612798.0625,328854.4063,1201395.25,376896.5,318295.375,341720.5313,547671.375,829366.1875,382138.5313,305407.125,599510.1875,337081.4063,"POS",0.144799322870898,0.504101962004985
"8","DG(16:1/18:1/0:0)_B",538058.3125,206672.6875,214647.3438,266162.8438,343039.5,525194.875,157386.8906,345898.9688,235016.625,577859.625,282970.9375,606121.5,191438.7969,540487.8125,224081.6563,291894.5,220335.4375,319599.3438,138436.7031,322477.5,386573.9688,230543.6094,192709.1406,173310.9375,389225.5,268490.1563,302792.6875,"POS",0.0363855086344849,0.140526082145018
"9","DG(17:0/0:0/17:0)",265774.375,482229.4688,213037.8906,247981.0781,167122.3906,262029.4063,308810.5938,239617.8438,329290.0938,355569.9063,339476.3438,336172.8438,202515.9375,293284.5313,228194.6406,198273,168171,168724.7656,265711.8438,306911.7813,212574.3438,409676.625,235843.2813,264646.6875,150020.1563,325536.4688,191079.4063,"POS",0.0363855086344849,0.140526082145018
"10","DG(18:1/0:0/18:1)",3410918.5,1381133.25,905474.9375,979994.4375,1827907.25,2825092,1188475.5,1723475.5,1157052,2202206.5,818795.4375,1764657.25,1194988.625,3865238.5,969073.6875,2039480,1083805.125,1124163.625,1668460.375,1252031.375,1592017.75,1295579.875,1442555.875,665053.625,1414434,2003071.625,919823.25,"POS",0.0571908320174158,0.281654407544135
"11","DG(18:1/18:2/0:0)",1210047.125,954308.4375,684499.625,527380.625,985064.0625,1139999.375,906001.375,1079802,833043.875,1555283.375,1110552.5,780751.0625,789814.625,1525477.5,443897.5313,1046975.875,692082.875,883665.6875,858176,503017.25,740618.5625,1120029.375,960134.5625,551899.5625,449794.3125,730839.5625,574879.9375,"POS",0.723772063273898,0.203466104084316
"12","DG(18:2/0:0/18:2)",1040366.063,1104588.375,897136.25,503723.0938,943477.5625,850786.0625,6201968.5,894867.5625,1053570.875,955787.9375,1502131.625,441920.1563,999586.0625,750085.5625,317115.8125,520424.7813,417607.5938,863326.125,648418.3125,424721.5,403789.5625,865055.9375,1176785,559183.8125,327110.9063,782194.8125,403724.6563,"POS",0.288138585780465,0.816401258528194
"13","DGDG(14:0/18:1);DGDG(15:0/17:1)",548745.125,612565.25,571587,658161.125,641711.6875,642227.25,328870.2188,886666.25,658434.125,981563.875,713815.625,942113.875,318013,668611.0625,779442.5,581531.8125,258470.375,892949.3125,475716.1875,1299464,873700.375,998913.4375,621115.0625,781692.375,872291.5625,575784.125,1268794.5,"POS",0.0664245837803098,0.0612068426461295
"14","DGDG(15:0/15:0)",246153.4219,200530.2344,250542.875,354638.5938,316477.0313,238514.1406,127202.6328,396811.625,213640.8125,475839.9375,263827.8125,414244.625,131829.625,355771.1875,341152.875,301429.5625,117541.625,405817.2188,140084.8125,734045.4375,402247.0313,491817.2813,243704.6094,396278.1875,389536.125,239977.0781,745105,"POS",0.00631359531420023,0.241518406823576
"15","DGDG(15:0/16:1)",165667.5781,385747.4688,295407.3125,219818.7656,176892.5156,344883.1875,228083.1563,181772.7188,414267.5625,324260.5938,609030.6875,415614.4063,257714.3438,194214.2656,174716.0313,121583.4766,125142.25,240055.7188,206606.8281,298430.7188,223992.4219,402671.8125,269801.0313,305713,229444.4844,250591.4688,367171.0313,"POS",0.934318762092585,0.513610398989993
"16","DGDG(15:0/17:0)",425526.1563,347106.8125,594693.4375,783460.75,546324.6875,423213.875,186698.1875,821565.5,449793.0938,1111601.75,512127.125,757615.125,188868.2031,688420.3125,954810.1875,728547.25,302187.3125,643593.75,367083.6875,1767081.75,953361.1875,1063977,473047.0625,933108.375,773168.9375,496922.0625,1638333.875,"POS",0.5046089801111,0.258087500461471
"17","DGDG(15:0/18:1)",189322.2969,222334,289806.6875,320964.0625,215783.625,243355.1406,121165.25,331971.7813,320585.0938,439093.1875,394888.375,406951.625,161824.5781,269596.875,297133.6563,256470.3438,134983.5,258152.9531,135066.5156,409232.5,305055.375,578941.125,193910.2969,433930.0938,450631.2188,269434.5625,754513.4375,"POS",0.773096116804908,0.114488330757312
"18","DGDG(15:0/19:1)",272942.2188,123250.7344,197214.6875,404445.4688,300472.4688,194127.9219,141675.3281,384523.3438,104021.9609,430452.2188,172703.7813,471250.2813,199735.6875,422020.9688,570462.125,409609.8125,157152.5,269101.875,129441.25,930451.1875,612742.4375,665611.8125,208313.0469,488820.4688,337174.8125,201154.4844,1024204.25,"POS",0.168141808075932,0.0913678206307429
"19","DGDG(18:1/18:1)",408204.1875,441480.7188,432221.9688,242560.5938,465235.2188,353938.5938,321275.25,448162.7188,490784.8125,453732.5938,995221.8125,518000.9375,355136.3125,246983.8594,244231.1563,165273.8125,166400.6406,252165.1563,210990.3594,327640.3125,166681.4375,252350.1719,369447.9375,301877.3125,314938.0625,289921.2188,252041.4219,"POS",0.331614096348659,0.762207367279861
"20","DGDG(18:1/19:1)",388993.4375,480471.8438,282731,144019.7656,238140.9688,534823.75,418731.25,308365.8438,395085.125,358042.875,359448.7813,329661.0313,523383.0938,185607.1719,120808.1172,94672.54688,115750.3906,216655.5625,262615.7188,141645.6406,142318.0156,314645.75,285988.75,233057.8906,245097.0781,283565.6563,148662.4688,"POS",0.0514892442680469,0.232207664056979
"21","DGDG(19:1/19:1)",4212220,4830884.5,4742753,3534772.75,4329332.5,6040350.5,4495941,6546269.5,5478196.5,7214051,3943782.75,5504018.5,5391022,2848491.25,5497553.5,2938568.25,2046747.875,4886196,4781147.5,5310086,3804967.75,5927251.5,5274564,4692112,3010719,5448937.5,4597471.5,"POS",0.00244477322908412,0.167689960116676
"22","DGTSA(14:0/18:3)",108395.4297,267071.7813,69434.40625,25917.00781,85706.11719,59844.60938,390686.3125,94552.28906,48864.44531,59849.98438,86148.875,65938.67188,127925.5156,19576.09961,10346.38086,4869.204102,21086.00391,45736.11719,19341.49609,15347.53027,7351.995605,20956.19141,21002.76367,20279.47461,24892.2832,33495.3125,13403.67578,"POS",0.0020003923121361,0.000971106341511571
"23","DGTSA(15:0/17:0)",552434.125,242112.5,443365.9688,561615.375,612066.8125,319973.3125,276498.7813,741441.625,286907.9375,743011.4375,481263.625,1109096.5,294716.4063,621763.375,628410.1875,424927.2813,235712.5,435767.3438,258612.0625,880441.6875,581505.625,866627.6875,574503.5,616987.1875,787434.5,369246.125,802670.0625,"POS",0.0405990688557688,0.906294309177134
"24","DGTSA(16:0/16:1)_A",746166.25,863233.3125,812770.5,794294.0625,796756.125,556196.25,645775.5625,1274582.875,588097.0625,1015867,995558.625,2041450.875,691511.0625,1029578.188,1314896.5,545075.375,267323.1875,924760.5625,526524.625,1169458.375,1124206.625,1363484.625,958600.1875,880774.9375,1039305.875,786545.4375,1248937.75,"POS",0.00114327611239479,0.0661965931974128
"25","DGTSA(16:0/16:1)_B",6658946,9947221,9293737,4373599.5,4396737.5,9465831,8459169,5478051.5,8980117,5607921,15600000,10400000,9724699,5862331,3482419,2302981.5,3058375.75,4827108.5,4318264,4067010.5,3712635.75,8473056,8216908,5721454,5496358,8688007,4812025.5,"POS",0.614167730982981,0.116562697561664
"26","DGTSA(16:0/16:2)",168608.2188,221657.7969,260468.3594,61783.55469,87389.42188,144089.5156,187339.4063,85758.64844,107292.6016,78380.19531,178484.4688,116444.8672,173002.4063,78755.48438,24861.91406,27760.45508,50596.64063,74253.11719,54831.59375,49463.54297,34922.91797,85079.32031,89712.4375,140795.0938,81765.96094,113064.75,39021.625,"POS",0.54334182925394,0.508757037855929
"27","DGTSA(16:0/18:1)",5345220.5,3876308.75,4937118,3077639.25,3741070.25,8736777,5655941,3493179.75,3564553.75,3309907,7006580,5610968,3285962.75,4559271.5,2222235.75,2681835,2605019.75,2107599.25,2128838,2053314.25,2164179.75,5418584,5145954.5,3027391,2302512,7838648.5,2812134.75,"POS",0.147669804643409,0.0575998739000951
"28","DGTSA(16:0/18:2)",5461167,13300000,5320418,12800000,13100000,3944929.25,13600000,6510283.5,5350515.5,7440665,17100000,14300000,4456418.5,8032506,1033477.5,3314227.75,3180185,916023.8125,2014568.125,3427825.75,6873314,16200000,8724005,11300000,1e+07,6275649.5,9473040,"POS",0.0195100712581223,0.3785234289986
"29","DGTSA(16:0/18:3)_A",355900.8125,573147.375,1723235.875,440638.4375,254759.0938,524882.625,1040583.813,280346.375,408550.125,672165.0625,752495.4375,413489.5,1292326.5,187166.0313,103328.5625,94090.67188,133524.0938,243885.2031,212414.9375,69511.71094,50909.25,88268.6875,307319.75,290710.2813,150881.5625,318525.8125,77878.80469,"POS",0.176549193963911,0.592982502711916
"30","DGTSA(16:0/18:3)_B",236142.3438,98529.16406,71400.42188,1319777.75,133527.8281,117517.7109,139009.4531,5968305.5,481921.1563,741658,929724.3125,115735.4297,56265.625,91095.23438,12136.0791,18972.13672,149045.3125,17182.1875,192823.125,21668.76758,17720.41211,42760.79688,34043.30859,63856.12891,205047.25,30263.31445,23351.1582,"POS",0.841795001744905,0.330578414108372
"31","DGTSA(16:0/18:4)",69238.59375,262812.6875,162236.4219,256224.8281,35037.10938,131182.9688,371552.0625,463668.3438,174113.2031,48405.32422,303918.8125,78792.03125,142298.5938,162671.6719,60630.9375,12784.14746,40452.89453,99407.75,110665.9297,12329.69629,38372.16406,90941.97656,85534.79688,78794.51563,42218.74609,102101.7109,43867.84375,"POS",0.0153681155131994,0.565907982548411
"32","DGTSA(16:0/19:1);DGTSA(16:1/19:0)",741502.0625,329017.6563,348629.625,542518.25,364545.0313,393133.5938,447446.0938,627626.25,432868.4063,779840.4375,709902.3125,1045458.563,490178.0625,572212.125,298552.5,283555.4063,276067.5938,461829.5,191747.2344,761441.375,660001.9375,898056.5,433265.6563,433532.5938,452260.6563,387872.25,583547.125,"POS",0.341888679164119,0.171621297348401
"33","DGTSA(16:1/16:1)",2007479.125,3104126.25,2488975.5,951162.25,1220511.875,2224048,3544243.75,1688607.125,1961830.5,1273044.125,5750207,2866660.75,3191905.75,1266056.75,838587.4375,510973.6563,755556.1875,1459743.875,837214.4375,878247.9375,971573.6875,1417701.875,1726417.75,1681280.875,1739258.5,2098907,1290742.25,"POS",0.456927851367373,0.0253658763102712
"34","DGTSA(16:1/18:1)_A",3165781.25,3139466.25,2081562.25,1089055,1703279,3348561.25,2276258,1910708.375,2560424,1400387.75,3116769.25,3025207.25,2550340.75,1835769.125,922181.125,742626.1875,939094.125,1429053.75,1342883.25,1102533.625,1070301.25,1907470.875,2197668.25,1133867,1306862.25,3654091.5,1311106.625,"POS",0.278927399759477,0.155304732894562
"35","DGTSA(16:1/18:1)_B",491768.0938,707239.25,732809.9375,489344.7813,425373.4063,617946.5,627791.375,347614.9688,590779.9375,843317.5625,1127342.375,514890.9688,461139.0313,339550.2188,155571.2344,168812.8125,268219.3438,445026.5,304197.9375,215159.5625,216753.1406,1047469.438,723266.3125,505809.5625,333677.7188,644745.4375,248900.625,"POS",0.0409196441845402,0.0405044347857937
"36","DGTSA(16:1/18:2)",309519.9375,957433.125,175538.8281,495373.125,1559282.5,376320.25,1116856.875,345590.375,359829.3125,473983.2188,638444.5625,321374.3438,159525.2031,326116.125,29275.1543,116542.0391,146074.6875,62471.60547,47798.91406,114746.9219,103939.4688,640563.625,318583.9063,351343.7813,196628.8438,185204.1406,118552.8125,"POS",0.0402446037976429,0.173529338922364
"37","DGTSA(17:0/17:0)",1710767.75,811562.3125,1497859.375,1364636.875,1313533.25,1345409.5,1054865.875,2068946.875,820209,2318676.25,1136399.875,3608911,1664289.625,1792051.375,1739974.125,1562718.5,624304.75,1563698.75,797495.625,2576885,1619313.5,2766264.5,1346210.25,1203904.25,1465207.75,1511048.5,1802346.75,"POS",0.158803643739397,0.410595779624433
"38","DGTSA(17:0/19:0)",965908.875,273038.7188,676503.625,878079.625,869453.625,531772.5625,358251.0625,1139737,345313.375,1588304.875,488795.5625,2047343.75,539536.5625,1174354.25,779076.625,981025.125,514643.6875,816587.8125,368339.5313,1806675.125,1143868.25,2383454,638715.8125,869493.5625,1205828,623747.75,1172604.375,"POS",0.256510414127571,0.0531637162813164
"39","DGTSA(18:0/18:1)",753003,811994.875,874307.4375,640292.8125,606861.5625,733451.125,767393.375,673075.3125,550129.0625,699777.625,1229835.25,1763634,765648.125,914185.9375,356645.75,498017.125,450629.3125,624215.5625,289092.6875,672250.0625,623573.375,839902.4375,703326.625,563771.8125,727225.8125,753537.9375,616799.4375,"POS",0.369990872061198,0.496762657027955
"40","DGTSA(18:0/18:2);DGTSA(18:1/18:1)",631456.6875,2445582.75,1773014.25,2385325.75,2308828.5,869759.0625,2234994.25,3133007.75,1110797.625,939422.9375,4445780.5,1721205.125,933672.0625,985874.6875,345844.4375,467504.7813,473604.0625,311153.5,883118.3125,461248.8438,636694.125,894039.625,1205990.25,1056513.25,1580563.375,1010271.188,822184.5625,"POS",0.89852220981525,0.0572419755727436
"41","DGTSA(18:1/18:1)",6463565.5,4742473.5,5824740.5,7220273.5,5067412.5,6774378.5,6004423.5,7194540.5,4192885.5,5979712.5,8573350,16500000,5227316,7308575.5,6927130.5,4657392.5,4831205,4877834,2352958.5,7816737.5,6955429,7375684.5,6108946,5596890,7492061.5,6377238.5,8091269,"POS",0.295234453737503,0.236456573386976
"42","DGTSA(18:1/18:2)",869001.3125,3108932,946836.625,616360.5625,2605018.5,1777029.875,1959285.875,1341699.25,824551.0625,1320107.25,2562369.5,1097534.625,868583.25,941698.5625,189901.5781,631810,500771.2813,221569.2656,348428.5313,388556.4375,415422.6875,1892785.625,1354202.125,931634.6875,520042.0625,902110.6875,505778.5938,"POS",0.253804615160195,0.210143069775702
"43","DGTSA(35:0)",1432265.125,463385.5938,1002072.188,1324700.125,827412.625,722876.5625,468906.625,1461674.875,476272.1563,1193712,776453.6875,2616696,879939.875,1740536.625,1415796.75,1287380.875,573832.875,929510.875,466368,1718545.125,1538054,2866760,961644.4375,1026026.313,1038901.625,985241.625,1534402.875,"POS",0.675144307059763,0.51486485920126
"44","HexCer(d18:2/16:1)_A",254320.6094,1019944.75,556015.6875,291518.125,367965.7813,681907.0625,820460.5,384025.4063,1211011.875,703252.1875,1319818.875,468048.6563,886796.125,472683.4688,200957.3281,276967.2813,276366.9688,298839.875,337571.2813,504413.9688,231565.0781,277438.4375,570766.375,289902.8125,362010.2813,660655.875,335010.0625,"POS",0.142198025137631,0.0516255528331588
"45","HexCer(d18:2/16:1)_B",150870.5156,849148.8125,413159.3125,199813.0313,220862.5625,533567.5625,674160.875,242090.6875,1000477.563,358097.6563,1011652,279903.4375,628502.8125,322089.9063,178530.3438,137901.7969,193931.9063,154203.0156,336488.4375,335006.9063,170330.2344,162561.7188,431256.3125,275927.8438,223547.6563,436558.1875,207191.6719,"POS",0.777422444253084,0.0857645589454819
"46","HexCer(d18:2/18:1)",50144.41797,207800,484796.6563,133358.625,100802.5156,305929.4375,115351.2188,310997.7188,199608.4688,613244.9375,1035542,199494.3281,182407.0313,352355.125,66597.8125,172575.6719,383604.125,82637.59375,214852.9375,766077.75,40630.16797,367243.9063,139249.7969,211792.7969,252055,124152.3438,42516.58203,"POS",0.25329687216157,0.0026961714351656
"47","HexCer(d34:3)",324940.4688,462287.4688,338129.375,397523.25,295691.5938,298715.9688,493537.875,962489.375,240650.0625,799288.25,604516.4375,721970.0625,235586.0313,300026.125,116827.4375,209731.1875,103923.6953,266955.625,225360.8281,122267.8281,191127.8438,585780.875,166645.3281,433466.5313,303202.4063,202382.5625,144496.0781,"POS",0.591968662500819,0.00312430387376722
"48","PC(0:0/18:1)",144911.8594,240457.4844,67968.57813,65188.80078,58185.96094,85855.96875,220179.4844,89727.02344,242421.7188,137191.875,194065.0625,637028.5625,403095.4063,481210.375,148351.7656,69607.99219,79620.0625,563919.9375,39365.79688,545806.375,132902.5938,116132.7813,384625.75,46190.55469,171335.375,297721.5,150373.125,"POS",0.783258272104172,0.516728319559618
"49","PC(15:0/16:1)",590675.5,483528.6875,352135.2188,389735.4688,447260.4375,334421.0313,734765,495609.875,504979.0938,521155.2813,712959.9375,1356454.125,759295.0625,683304.1875,589616.5,319244.6875,316151.1563,745741.9375,89731.07813,1313515.75,673016.0625,502645.5,685883.625,401769.1875,310563.625,446007.8438,677677.5625,"POS",0.051713028005245,0.178607213570331
"50","PC(16:0/18:2)",1593974.25,3370811.75,1957278.875,1489101.125,1677472,2630324.25,5368835,1661999.75,5001882.5,4696956,3504317,3578908.75,4129931.75,1909552.875,990832.0625,858338.125,533514.8125,2698068,1270877,2787700.25,1472870.25,1891763,3270439.25,1624094.125,798289.125,3852572,1786520.125,"POS",0.540573598093975,0.472240917025347
"51","PC(16:1/16:1)",510672.6875,496522.375,467436.7188,346831.625,552626.4375,356930.9375,552330.9375,574224.4375,565082.9375,521991.5938,766132.1875,1589735.875,662312.1875,712747.8125,477831.375,299646.6875,239462.6406,827147.25,124884.625,979958.25,585465.8125,507404.5938,634754,433712.6563,371229.8125,466609.125,750406.625,"POS",0.510951508572194,0.14337900731398
"52","PC(16:1/18:1)",2888089.25,3023842.25,2224427.75,1587435.5,1897424,2152913,2797695.5,3049456,3570044.5,3143843,3953991.5,7181930,3089012.75,3347052.25,2395724.75,1930036.125,1375410.5,4383355.5,820037.75,4805993.5,3340634.75,2281214,3396458.75,1804670.25,1977413.625,2427899.25,3870394,"POS",0.0716981071594295,0.0381911450645471
"53","PC(17:1/19:1)",12500000,6699503,6955852.5,5512095.5,7555241,6501528.5,9107102,9276270,7229123,11200000,8556476,24800000,9410860,12400000,15800000,9335465,8296768.5,10800000,4399335,22300000,10400000,11400000,10500000,7609478.5,4401828,9765915,14100000,"POS",0.24929121620471,0.202134808094152
"54","PC(18:1/18:1)_A",461426.625,360435.4375,350509.9063,237090.4375,335436.75,350391.0938,348614.9063,446124.5938,474495.5938,489708.9688,382524.4063,676360.8125,541384.5,532220.5625,367215.4375,278324.625,185247.8125,441106.1563,215676.7344,1069079.125,474679.9375,319704.7813,433029.6875,293001.5,225655.7031,504718.3125,548125.4375,"POS",0.241029935730734,0.0920381256772609
"55","PC(18:1/18:1)_B",183877.2656,360435.4375,350509.9063,92949.6875,142040.625,350391.0938,290419.5938,203254.1406,474495.5938,209741.2969,224994.7969,375256.4375,541384.5,262101.9219,139907.1094,135145.0469,85216.53125,312099.5938,215676.7344,573162.3125,222092.0469,229962.3281,420576.625,232337.0625,110308.0313,504718.3125,326816.8438,"POS",0.677306497236746,0.95460885604449
"56","PC(18:1/18:2)_A",2111168,3437406.75,3244961,948446.5625,1679265.875,3826672.5,5085937,1482087.125,3775093.75,6190864.5,3969652.75,2788365,5268459.5,1715072,1169488.125,1121339.375,809791.5,1921090.125,1880752.125,1916497.5,1543120.625,2400006.25,3588305,2053631.375,537260.3125,3704819,1223202,"POS",0.595444050187044,0.432845214548077
"57","PC(18:1/18:2)_B",4007664,1008558.063,2042908.625,2063346.125,2706308.75,1001447.063,888892.9375,2384944,1328186,3052909,1003337.688,3910298.75,1689738.5,4421939.5,5617102,3261339.5,973742.3125,2352313,1325659.875,14500000,3057365.5,2148959.75,2765288,2372690,845703.8125,2791674,4530953.5,"POS",0.740356314835643,0.701054677107003
"58","PC(18:1/19:1)",5196994.5,4419727.5,3614399.5,3085642,5459569,3298394,3837680.75,6648454,5525758.5,10800000,5455669,9942824,4471952,7080432.5,6549864.5,3519168.25,2842815,10100000,2181103.75,11700000,6524459.5,6877157.5,7923912.5,4982720.5,3576199,6404071,8345722,"POS",0.121455919371448,0.0272300547193922
"59","PC(18:1/20:4)",261972.1094,593762,766510.1875,262161.875,226295.4688,521629.75,986632.9375,280916.3125,575149.4375,521622.7188,795987.875,739855.5625,770279.125,266517.5313,214687.9063,246479.5625,166186.9688,541252.6875,189122.9844,368149.0625,341631.0625,524502.125,522346.4063,378272.5625,180989.4063,579905.75,239787.7969,"POS",0.423717505168937,0.011134711978461
"60","PC(18:2/18:2)",2554511.75,5787016.5,5477220,3184935,5468353.5,3903779.5,11600000,3040416.75,8246584,7346255,7338560.5,4606227.5,6007553.5,2037135.125,1428578,1664719.125,817835.375,3072211,1553046.625,3241000.5,1174954.375,2050988.5,4107514.5,4064767.75,867141.6875,4645027,1111681.875,"POS",0.166399089182198,0.648072907253691
"61","PC(19:1/0:0)",249949.2188,63732.625,13896.49219,97447.07813,85929.58594,41839.79688,43807.92578,104018.4766,92439.125,90644.23438,82563.78125,701510,154528.5313,932230,276396.4375,99026.1875,119768.6875,509638.2188,19115.26758,690055.4375,186363.8281,128465.4531,43232.71484,27404.66992,239660.6875,73089.29688,163814.9688,"POS",0.147062092413599,0.107294594986188
"62","PC(19:1/19:1)",38400000,25700000,26500000,22100000,25500000,26700000,30800000,36100000,31800000,40700000,22100000,5.7e+07,33200000,42200000,39100000,31800000,17300000,36100000,20400000,5.8e+07,38300000,44500000,34700000,3.4e+07,1.7e+07,35100000,4.6e+07,"POS",0.0161638897900741,0.0356422682267983
"63","PC(20:4/20:4)",159711.8125,522052.4688,379094.0938,131373.0313,139195.4063,157960,753838.6875,116639.4141,336554.9375,164504.8438,595089.125,393709.6563,483927.4063,168474.0469,138967.7188,113738.6016,87210.13281,142787.7344,95579.30469,203668.5156,169864.375,300360.9688,272549.75,278461.0313,83916.14844,338524.6875,200718.7813,"POS",0.982903517262855,0.0576810632701128
"64","TG(46:2)",516163.0938,777259.75,735182.6875,491645.5625,821815.75,460715.375,720916.1875,885962.25,731998,800029.125,760570.1875,902757.8125,450169.0625,683472.3125,314650.1563,365046.7188,276885.7813,744006,362244.3438,632473.4375,575521.3125,543738.75,730784.75,429771.6875,467261.2188,452306.3125,408666.875,"POS",0.585805236890939,0.620070860862987
"65","TG(46:3)",159194.2344,275086.8438,197394.2344,225630.4219,434033.7188,186002.875,234774.0156,705256.125,302351.2188,477100.9688,130576.2031,312354.3125,130360.2344,259074.1094,146431.2031,166188.5625,121750.4453,445926.9063,162596.9375,316049.7813,234265.7188,261919.5625,255821.8906,130129.8438,219986.875,201126.0469,254295.6094,"POS",0.591485774810703,0.0727453590761685
"66","TG(47:1)",252086.7344,296190.9688,477797.4063,405666.625,256816.2813,396757.2813,372524.0313,366098.4375,439623.4375,605531.25,641274.4375,939333.75,221638.6875,435883.6875,314549.1563,269702.0313,263160.5625,451449.1563,332154.4375,549924.75,459237.3438,538520.8125,387753.6563,351914.9688,401325.2188,343417.0313,312778.7813,"POS",0.43041597049099,0.245873876550716
"67","TG(47:2)",364574.625,842787,930876.9375,742649.75,450308.2813,539314.6875,798707.3125,938772.875,1089923,817181.125,1026457.5,1129122.5,367603.8125,760495.0625,403418.1563,570084.5,383528.2813,748449.0625,387481.375,789820.375,661913.3125,720843.9375,875390.3125,618484.125,692677.625,501445.0938,620791.75,"POS",0.978408354833213,0.606175684116191
"68","TG(47:3)",96039.35156,266984.2188,270611.5313,167969.0156,184601.0938,176986.8438,242102.1406,315986.625,323961.125,258086.7969,315504.25,272596.5,169548.8438,231673.6719,121372.6641,136810.5625,95059.22656,307157.9063,94740.21875,253674.6406,170442.75,157942.8594,275151.5313,133737.5938,186091.0469,164181.9844,145989.3438,"POS",0.586120355151649,0.785387873609591
"69","TG(48:0)",376163.7188,448973.4063,542004.5,701982.1875,425268.8438,275515.0313,549271.0625,501971.5,697349.375,528876.875,553099.25,1625344.125,176392.9531,712219.25,548388.8125,450710.625,666363.5625,669034.125,335930.5,894036.8125,454615.1875,475337.7813,365435.5313,443364.8438,376261.5625,342280.1875,482725.9688,"POS",0.515782690432263,0.230097773482893
"70","TG(48:1)",2796699.75,2371441.5,2803463,2649268,3349523.25,1687553.375,3611761.25,2305825.25,2659454.75,2950779.75,2141004.75,4679440,1621381.375,2139368,1969706.875,1617029.75,1997645.625,2125535,1425468,1873165.375,2455199.5,1784647.25,3154646,1078640.25,1706389.375,2032564.5,1237638.625,"POS",0.762784952998422,0.251536900127952
"71","TG(48:2)",4785168,4361434.5,5325321.5,5486701,11300000,5590887.5,6773678.5,5601660,4981108,5530543,3504248.75,4763574,2611310.25,16700000,2231211.75,4579038,6153248,4187452.5,2509958.75,2848664.25,3496161.75,2193055.75,6344133,1831306.75,3198789.25,4501156,2290864.25,"POS",0.331546267504987,0.827510149978164
"72","TG(48:3)",1972581.5,3968230.75,3536885,3672575.25,6077426,5737350.5,3528615,5352113,6412046.5,4686346,2466965,2915847.75,1809522,11300000,1243264.625,4208620,3351220.25,3378352.75,2763569.5,3597509.5,3000507,2200810.5,3706864.25,1954718.375,2999885.25,3098470.25,2127299,"POS",0.488226428782268,0.723773930414224
"73","TG(49:1)",351708.8438,328137.9375,589081.8125,482391.0625,333590,501318.3125,400644.8438,454793.5938,531660.75,1616118.375,768146.1875,960795.0625,325196.5938,595972.6875,371355.625,356276,386173.625,567163.75,460963.3438,572764.5,481493.4063,672371.625,437704.125,488870.875,513555,397264.9063,408007.2188,"POS",0.362751875007226,0.808073627827121
"74","TG(49:2)",334048.875,622720.375,873240.5,1058490,395606.25,415874.9375,495627.75,861148.125,712896.5,858931.625,688181.0625,1433730.875,424942.9688,868316.4375,566423.1875,752889.25,465226.0625,544054.875,400223.8438,851297.25,683211.625,718162.375,789126.75,851879.3125,824633.6875,621888.375,685254.9375,"POS",0.910455931318427,0.417354962531047
"75","TG(50:1)",637605.125,563739.6875,776708.4375,907911.5,696763.0625,1321694,955709.75,760491.75,1079252.375,2704878.75,953975.8125,1701464,351562.6875,1476702,643591.9375,676224.6875,1093425.625,1552820.75,816492.5625,693947.75,723589.0625,1437473.75,1092211.5,952612.5,574456.25,938795.75,639250.5,"POS",0.843353291466327,0.489689210181842
"76","TG(50:2)",3580471,2035937.75,2578737.75,1800414.25,5350877,4269993.5,3034587.5,3764576.5,2445575.75,7759045,2394132.75,4185281,1597102.375,9121460,1852474.5,2564147,3183069.75,3665669.5,2448740.25,3086260,2484282.25,3154495.25,3471933,2831506.25,2899442.25,2903498.25,2401154.25,"POS",0.358478865139407,0.858404926521802
"77","TG(50:3)",3000870,1513769,2544290.25,1174624.375,4181662,4584032.5,2176130.25,3229440.75,2293044.25,7073091,1339177.625,2301910.5,1260266.75,6086957,1289504.625,2378345,1556146.125,4718459,2047087.125,4110492,2232121.25,2048886.125,2110168.5,2006494.5,1911980.75,1835459.375,2505052.5,"POS",0.521071272473854,0.301151634763152
"78","TG(50:4)",705313.4375,384278.6563,746776.25,354015.4688,673559.4375,1151467.125,482469.25,628366.0625,435043.2188,1369927.625,352142.9375,707216.1875,291332.9375,2031100,292683.1875,435764.4688,380227.0625,1625872.5,532294.3125,801682.3125,518463.9375,652574.0625,442798.1563,303822.6563,519632.6875,312601.2813,506947.25,"POS",0.561243788629157,0.692741624538002
"79","TG(51:1)",312992.0313,199135.5313,366785.4375,239092.0938,249811.4219,355577.1875,282661.875,305211.9688,316868.5625,868599.375,490966.5,613841.5625,228272.2969,464230.4063,264862.4375,226391.1719,293194.3125,386556.5313,409713.875,451570.2813,310484.8438,471827.6563,268159.2188,355763,356800.3438,314654.4688,309972.3438,"POS",0.204538806830401,0.325435505016746
"80","TG(51:2)",1402738.25,795478.1875,1129766.625,671047.0625,824385.5,1371714.5,953360.4375,988314,799082.25,3489971.75,1377860.25,1879484,913287.8125,1375036.5,764373,781667.4375,699740.875,1008505.688,1110624,1173472.25,808496.0625,1305553.25,966774.625,813351.5,913528.3125,988696,764244,"POS",0.970967058004642,0.966050941726844
"81","TG(51:4)",394102.0625,293620.5313,624807.1875,268087.9688,371318.8125,420917.9688,338810.0625,383654.125,390929.4688,1094145.25,899580.3125,483400.25,282800.7813,432155.3125,248502.2813,332141.5625,279558.5938,1552180.375,361375.5313,371952.8438,387378.4688,547827.375,562512,485670.3438,284462.7188,403986,289093.125,"POS",0.891634417958423,0.437245386655745
"82","TG(52:1)",992768.75,367023.75,430681.2813,631381.9375,476142.8125,904011.5,805206.3125,781445.4375,1281963,1452334.875,634614.6875,1093347.375,444003.5625,884930.1875,494860.5938,448645.0625,477106.5313,829589.0625,1407222.5,854973.25,772722.0625,488231.1563,898732.375,449953.8438,512229.4375,818426.25,579943.625,"POS",0.470046012669164,0.896662473818673
"83","TG(52:2)",7076868.5,6221901.5,4988235,5323376.5,7925672,8770491,7115658.5,7736069.5,6512872,12500000,5115162.5,1.1e+07,5260993.5,13800000,6144004,6287255,6160698.5,8118538.5,8264082.5,7441095.5,7460103.5,6521929.5,10300000,6248809.5,7200656.5,7593659,5952070,"POS",0.254128418467826,0.571701592594191
"84","TG(52:3)",8947282,5381937.5,5336416.5,4381744,7078269,10500000,7324005,8181614,5419674.5,12900000,4924376,8171369,5243235.5,11500000,5837126,6587645,5040853,9734792,7317082,7368598,7527647.5,6604795,8641154,6081904.5,5896716.5,7285896.5,6469480.5,"POS",0.0938518969710412,0.0769467887645405
"85","TG(52:4)",6365373.5,3519799.25,4735265,2783291.75,4573939.5,5776528.5,5304885.5,5297890,3941115.25,8570197,4712752,3752274.5,6959717,7323358.5,2977666.75,5285476.5,2765206,11400000,5654047,4887655.5,5205003.5,3953924.25,5809412.5,3319757.75,3445957.5,4334260.5,5005355.5,"POS",0.900403450242455,0.333080717495479
"86","TG(52:5)",1480333.75,761947.5,867205.75,536547.125,1165153.875,1394792.75,1144393.25,1838669.75,634027.9375,1908070.75,680405.8125,695251.375,797398.6875,1785252.25,544953.5,901215.9375,605199.3125,6153397,840453.5,888230.25,882193.5,690639.0625,860823.5,549673.875,662521.125,608683.625,1205199.25,"POS",0.283305999037394,0.939402325478264
"87","TG(53:1)",218819.6563,84763.63281,167062.8594,129595.8203,161653.4375,158980.0313,116504.3594,179507.875,139290.5,499445.2188,212614.5625,337964.125,134922,264619.6563,164793.8125,130593.2109,189628.5,224152.0938,445802,307768.7188,146290.5625,234157.9063,135182.6563,183758.2344,241266.3438,200159.4063,158685.5156,"POS",0.334214059607707,0.67737471704272
"88","TG(53:2)",869639.8125,537147,671259.75,410767.6563,579932.1875,810858.875,599301.875,536234.25,596654.3125,1435507.5,880629.125,871847.625,674736.25,727099.8125,438858.7813,474347.5,534299.5625,559918.5625,834930.9375,711143.5625,456270.5625,796883.25,636525.875,586294.75,520608.0625,631173.375,418416.8125,"POS",0.501412593631495,0.844909679507297
"89","TG(53:3)",1417700.25,841822.125,1123959.75,663838.0625,768203,1266403.25,1102696.75,803457.6875,983784.375,2252622.25,1232008.75,1304554.625,1188472,1087814.25,702986.375,825242.5,681407.75,864052.375,1206907.625,1048248.75,802117.3125,1202580.625,1084575.375,901554.4375,659619,1033994.625,655726.5,"POS",0.297084575873989,0.480225771758044
"90","TG(53:4)",658486.0625,584437,1228275.875,509643.3125,528631.6875,802664.0625,806852.4375,575584.375,910601.75,1429307.375,1068992.125,784822.8125,799446.625,818346.625,580218.8125,620718.8125,483599.8438,889133.9375,876068.5625,739279.9375,688233.125,904578.5,1190933.25,985105.4375,349217.875,933455.1875,555877.125,"POS",0.290517424381028,0.773998741577138
"91","TG(53:5)",286262.875,271301.0625,688357.875,265065.0938,278559.2813,413695.2188,356212.5313,351642.0313,380385.875,590541.375,693096.4375,322366.5625,383318.6875,341805.7188,312762.6875,285462.5,232795,706499.125,479587,331256.75,485495.25,525832.8125,708873.5625,624794.875,150359.8125,527057.375,258152.4219,"POS",0.126662804575549,0.0729887681010156
"92","TG(53:6)",120519.7813,158314.9219,1069869.75,213163.0938,128428.9219,220571.2031,249202.0156,247980.8906,520225.9063,148539.7188,1374584.625,130574.9688,333131.2813,130417.6406,238961.5313,232228.2344,147264.875,421947.7188,210909.0625,219211.1875,398793.0938,377581.375,964441.75,843412.25,70510.00781,497560.75,156272.4063,"POS",0.545592540645997,0.422551997593288
"93","TG(54:1)",1006801.625,256537.7344,201186.3281,489367.5313,204194.6719,380450.1563,720954.3125,515371.4375,1049738.625,430516.625,381483.625,445348.4063,251723.5156,558088.625,316957.2188,205840.0938,206657.9844,292820.625,896502.875,608117.875,513265.7813,304077.5313,382845.0625,243313.6094,173059.2969,438917.7188,283787.6875,"POS",0.864481058355692,0.502394167888228
"94","TG(54:2)",3688897,2555404.25,1648812.375,2074363.375,3626987.75,3914965.5,2751865,4386669.5,3470832.75,4609018,2332872.5,3757361,4042484,4232523.5,2000115.375,1982953.625,1707632.875,2268191.25,4839684.5,3148005,3899485.25,1508272,4557917.5,1677433,3515962.5,3294973.5,2499543,"POS",0.955918136738081,0.499256288186464
"95","TG(54:3)",15700000,14100000,9949367,10600000,1.7e+07,15300000,13500000,15900000,13300000,19400000,10100000,19500000,16500000,2.1e+07,13500000,15200000,8901567,11200000,18200000,2.2e+07,19600000,8774612,19300000,9803016,16300000,1.4e+07,12700000,"POS",0.740549843513773,0.694149284813632
"96","TG(54:4)",14400000,11100000,9385693,7369224,12800000,9473254,11400000,15300000,10700000,14700000,9532285,1.3e+07,12700000,17400000,11100000,11900000,7106944,11500000,14600000,17700000,18800000,9047863,13600000,7664271.5,11300000,9923582,12900000,"POS",0.561042042421354,0.527694888426095
"97","TG(54:5)",10500000,8061825,8127774.5,5563328,1.2e+07,8504571,8947594,14300000,7005635.5,12700000,8451146,7681469,1e+07,13500000,6479883.5,9845162,5056298,11900000,11400000,12400000,14100000,6930806.5,10500000,6662034.5,8080643.5,9162887,11500000,"POS",0.341758316866143,0.887294661584654
"98","TG(54:6)",8235898,4753699,7212377,4538977,1.2e+07,5872962.5,7285704.5,15200000,6315749,8226856,6724790.5,5418310.5,14200000,8382348,4103558,8670893,3014728.75,14100000,10100000,8438109,8161011,5422874,8889060,5595870,4836413,6093496.5,11200000,"POS",0.645981584288211,0.474038923053001
"99","TG(54:7)",678114.875,722456.125,607708,362354.7188,787552.3125,422873.0938,849957.4375,662164.125,493083.125,730644.5625,673064.5,458139.5,455435.9063,476523.5,405770.4688,726314.5,228372.1563,1264879.75,642792.625,637153.3125,602278.25,342792.9063,689155.5625,366538.3125,544906.875,515442.4688,528607.5,"POS",0.200866627373886,0.324816320932156
"100","TG(55:3)",428815.8125,217860.9688,360374.1563,171258.6875,275169.5,415519.0625,393707.7813,213328.5781,268133.3438,473824.375,288332.375,364174.1563,291166.5313,364057.8125,231385.7656,238255.7344,209184.4844,270529.625,334799.4688,300570.875,274697.25,371178.7188,331428.4063,276802.8125,189172.8438,258865.5313,305819.0938,"POS",0.376700297957665,0.234608139188106
"101","TG(56:1)",181917.5156,86674.04688,71194.24219,91093.78906,94239.59375,105320.4219,124501.5547,113307.6484,147599.2188,93279.69531,120064.9219,158154.5938,85376.57813,141719.2656,84075.07813,85557.96875,99691.35938,106143.2422,130580.5781,120260.6172,109718.7188,110960.4141,142885.3906,73287.66406,68673.84375,101226.9453,87034.75,"POS",0.518513270417906,0.988280552660218
"102","TG(56:2)",771379.375,365556.0938,275508.0313,356922.2188,458202.6563,474634.6875,444250.7813,558849.125,422558.9375,702891.5625,354349.7813,505529.5,533765.25,983714.4375,212860.8906,314353.3125,339366.375,404443.9688,473244.0625,362056.3125,629126.25,298167.25,590542.9375,244055.6094,558085.5,432981.5625,275207.2813,"POS",0.518934452260389,0.443894930923954
"103","TG(56:3)",745075.625,364155.0625,284254.4063,349634.2188,802543.5,505886.4063,361199.125,741884.5625,311202.4063,1339710.625,461094.6563,610083.625,562059.125,1019543,331650.4063,561339.25,309494.2813,925206.25,454596.125,678974.0625,1252304.125,199159.5469,777497.0625,265623.875,915360.25,461480.3438,593488.375,"POS",0.172372746026417,0.0261597342260927
"104","TG(56:5)",366722.9688,237109,231287.0313,194554.7188,461119.25,251397.7656,233462.2031,468806.375,228702.9063,703216.3125,306778.1563,347764.3438,255628.5313,868589.5,202754.3281,487486.1563,432533.5938,1646718.875,374501.1875,930436.5625,777232.9375,368141.75,359067.125,291651,429861.1875,274594.0625,1582793,"POS",0.917509158216308,0.451892590982293
"105","TG(56:6)_A",714873.125,226718.9844,162816.2813,132895.2188,698775.8125,238033.8281,202797.2188,593802.1875,149610.25,814618.5625,270111.2813,233387.3281,477418.5,1126117.5,140010.7969,616542.4375,534546.1875,1785447.375,430495.5625,948650.375,869535.625,335069.0625,242730.6563,185192.375,729105.1875,281103.9688,2647443.5,"POS",0.134842575879516,0.556197499193312
"106","TG(56:6)_B",350168.9375,320725.1563,403155.2813,433815.7188,733813.9375,507533.6563,395766.875,600133.5625,336298.75,662722.75,341875.1563,561273.9375,281739.7813,640684.75,250007.9063,378046.9063,261668.2813,552998.3125,496728.5313,540149.3125,396927.9375,472239.6563,385160.875,322521.5625,357391.1563,343667.6875,363552.0313,"POS",0.651686245032829,0.454885027583327
"107","TG(56:7)",251481.7188,345097.4688,352987.6875,413610.6875,542151.5,498093.4375,321531.2188,524614.75,354373.9063,575289.4375,359068.5,538113.0625,330664.6563,516107.0938,260705.3125,268391.8125,214354.1406,496556.1875,433961.8438,477885.7188,412197.0625,450897.5313,362291.4063,255637.5,301511.4688,291496.6875,278032.7813,"POS",0.978834779300007,0.382979364668909
"108","TG(56:8)",90399.24219,79360.70313,240325.6563,173456.6563,136503.3438,99353.42969,100816.9766,1461526.875,80652.24219,118372.1484,96237.88281,176749.7188,58271.40234,459897.3438,72818.53125,160462.4219,198210.7656,130865.8594,106640.3359,147204.8438,579818.5,154696.0313,120381.0859,80811.36719,271715.1563,101424.9922,130801.2109,"POS",0.759840092226219,0.546504823596573
"109","TG(58:1)",98100.40625,27940.57813,38835.05469,52518.1875,51743.25391,35459.48047,59593.42578,83383.5,70929.51563,81131.24219,56388.73828,113155.875,53386.07031,94012.71094,42965.02734,44094.57813,58779.12891,55835.70703,70045.11719,68047.48438,54539.09766,46443.84375,72763.60938,39144.42188,58258.04688,67046.75,50840.57813,"POS",0.625400587786141,0.354728500624626
"110","TG(58:11)",115591.9609,162187.0625,206725.6406,131798.6094,224309.5156,199128.6406,83158.17188,432916.6563,103946.9688,150170.2031,152698.6406,359887.0625,228056.7813,2178402,89331.53125,123119.5234,106237.7891,117645.3281,103519.8125,139029.8438,170341.9375,113909.2188,136246.6094,54873.71094,134396.9063,94285.10938,99895.11719,"POS",0.623062062378732,0.352220937774572
"111","TG(58:2)",510634.25,298535.75,150900.3125,202176.375,313024.0938,303748.5938,308818.4063,422992.4063,215946.0469,342542.6563,222197.7344,381529.5,477365.5938,540962.625,188879.3438,232487.25,171247.8281,218345.5938,274449.9375,268576.7813,456311.4375,222222.3125,400323.5313,156060.2656,320992.9063,301606.9375,234360.2344,"POS",0.506034948574939,0.152432937803474
"112","TG(58:3)",364480.9688,134019.6719,112358.8516,134491.9219,200131.875,170462.9844,164663.6719,213818.9844,94741.17969,320977.7188,169866.8125,224658.5625,161070.0469,451761.5313,100521.8906,174114.8438,103702.2266,209994.7344,151199.2031,182089.7813,393936.125,116916.9453,216896.0156,106089.2422,299277.9063,155733.9375,162981.9688,"POS",0.582547316700136,0.649382215728974
"113","TG(58:9)",146347.3906,156686.7031,226785.6094,250010.1406,310181.6875,184513.9688,161761.7344,435680.6875,150482.0938,239955.9219,157155.0313,310657.9688,112180.4844,319264.3438,172322.0469,291707.3438,175792.0938,220148.7188,192854.0156,336013.625,310188.7188,211279.5781,244251.2031,155699.5938,156249.625,193805.2031,197257.4375,"POS",0.247169034313087,0.314950153830518
"114","TG(59:2)",124418.9063,66842.26563,45044.01172,49643.66016,84309.875,82089.14063,97315.17188,83731.94531,58892.00781,90318.65625,65667.70313,111610.3203,143935.25,116421.6953,86115.39063,69593.16406,67258.15625,65547.625,90657.86719,74535.85938,82981.53906,76416.48438,101389.4375,60363.92969,60688.27734,93168.91406,50523.14844,"POS",0.386014175175581,0.691261509175892
"115","TG(59:3)",95238.65625,48155.45313,54208.62891,50936.94141,80828.91406,56654.64453,66936.07031,69660.1875,50366.375,93515.50781,58182.26953,98167.11719,53169.72656,100354.1719,53712.30859,69893.96875,42886.10547,81473.23438,58473.83594,69842.66406,88325.35156,60034.10938,87856.75,41605.37109,51559.10547,78856.4375,63613.16406,"POS",0.563739176212046,0.1252690633484
"116","TG(60:2)",336902.625,92504.58594,135294.6719,127012.2031,218134.8125,118204.8281,196715.0625,227950.8125,109970.2656,200576.3125,69000.98438,274181.25,283977.6875,360376.0313,152212.125,171174.5938,137091.7344,123499.6172,184298.3906,166099.8281,198517.1563,132203.25,204559.0781,114725.6641,213296.0625,167478.8125,155211.125,"POS",0.222754426612432,0.174833550889155
"117","TG(60:3)",356213.5625,90000.67188,107773.7969,108966.0391,166639.2031,106852.6484,138215.8906,193138.5156,70896.71875,264235.0313,82151.99219,276026.625,97517.11719,324248.75,100931.1484,153477.6406,92667.60156,126335.1875,120217.9063,159348,197723.25,103490.0859,205205,84988.30469,346022.0938,122549.2813,167550.25,"POS",0.156844134994462,0.226109949781094
"118","Cer(d18:0/16:0)",322459.375,576532.5,422354.0625,470461.9375,506189.5313,279998.375,700332.9375,623673.375,834043.4375,962928.875,301212.4688,559593.6875,583544.4375,313024.75,169649.2344,379515.7188,222825.7813,1167566.625,1357036.5,927758.0625,498669.7188,1016504,336473.0313,229545.25,850365.3125,660300.125,175929.9688,"NEG",0.541215137616868,0.474458166178097
"119","Cer(d18:1/16:0)",268153.4688,339805.9063,167047.3281,197931.4531,553688.5625,307048.4688,205148.8906,402383.1875,486557.0313,925547.3125,373821.3438,221723.1406,208228.9531,185035.4219,147871.8125,326103.875,176128.9531,497270.1563,957666.6875,568878.6875,271813.0938,641118.25,198208.6875,210153.9375,769520.8125,484774.0625,215106.9531,"NEG",0.387711574070806,0.375006427803729
"120","PE(13:0/15:0)",175302.5938,284485.125,141708.9531,86218.10938,154419.5313,258012.5469,311115.3125,352507.4063,542963.9375,1023976.313,282170.0938,243808.3281,93532.86719,136710.9063,126869.9375,169699.8125,114232.8594,520979.5313,325464.0313,552471.6875,198507.9688,830348.6875,191418.1875,167237.9063,534848.6875,229520.0625,65442.78906,"NEG",0.229548079465589,0.210647155463633
"121","PE(14:0/16:1);PE(15:0/15:1)_A",763876.0625,829271.75,792777.1875,771472.25,862390.625,741777.75,1466393.125,1065740,1106483.75,3553846.25,1172712.75,1151067.5,509373.5625,1345854.625,591982.25,551955.6875,618072.8125,1255662.875,1861482.25,2859837.75,1093343.75,3440541.5,832144.1875,665100.75,2650526.5,1426963.25,343068.9063,"NEG",0.429410550284353,0.271239296583149
"122","PE(14:0/16:1);PE(15:0/15:1)_B",624938.0625,792928.375,660290.375,519793.25,1218765.5,477407.75,1170337.25,805472.25,1459597.75,3210262,1328504.5,756624.0625,274189.5625,615862.3125,507708.2188,468629.4063,379035.0313,1823919.75,1817816.25,1378437.5,950328.875,3962581.25,636691.75,896111.8125,1769252.875,983658.125,536124.3125,"NEG",0.376256679386476,0.23184195671502
"123","PE(14:1/15:0);PE(13:0/16:1)",85882.15625,149119.1875,78390,52942.31641,93917.96875,112505.7734,150555.0625,174085.6406,246497.0625,555908.5,158125.1719,138825.5938,50174.44922,90724.17969,147541.8594,69099.78125,56494.17188,289883.2188,157811.7188,281421.2813,100031.3438,452514.9063,92145.80469,90400.25781,354829.9688,109910.3906,40697.55859,"NEG",0.370589170446592,0.623512815149385
"124","PE(15:0/15:0)",1901904.875,1757523,1560523.125,3145687,3402755,1706085.25,2375838.75,3064431.5,2790883.5,6385639,3242454.25,2215953.5,1275782.375,2514996.25,2228537,1294378.25,2434342,2669096,7257617.5,6310889,3225962.75,6079143.5,1845639.625,3060758.25,6387595.5,4271857.5,1901043.875,"NEG",0.242960892171844,0.228459117775627
"125","PE(15:0/16:0)",825805.6875,811165,431277.3125,475672.75,1134442.875,474372.375,990759.0625,1165544.375,1329534.5,3374646.75,1600895.875,939753.25,482926.4688,673054.5,542933.4375,596485.5,483989.7813,1503568.125,2212641,2235903,845826.375,2181566.25,720710.875,822958,1781163.75,961349,427671.5,"NEG",0.589046434033427,0.309396030632056
"126","PE(15:0/16:1)_A",6013531.5,6742759,4737589,4576566,7846755.5,4830343.5,9786893,9350284,9931640,23500000,8657039,8290927.5,3942631.75,6219505.5,4199926,4966164.5,4286449.5,10300000,14700000,18500000,7921954.5,19200000,5277294,5362081,12300000,10600000,3578812.25,"NEG",0.747199248752714,0.472107297315233
"127","PE(15:0/16:1)_B",635267.625,893380.9375,475120.7813,458636.1875,1048510.563,397162.6563,1118862.25,792788,1337858.875,2234967.5,1328356.25,945679.5625,488397.3438,577811.5625,354946.4688,489291.7188,271204.9063,1485155.5,1678554.125,1264924.5,762368.0625,2430774.75,687780.5625,537604.625,1782254.75,911934.5,383676.1875,"NEG",0.20607640083862,0.181350082350513
"128","PE(15:0/17:0)",3016998,1137341.75,752550.5,1900313.625,3015073,1593046.125,2083057.75,3205838,2081963.75,7507928,3349484.25,2112807,1003759.438,2650871.75,1368504.375,1098180.875,2344854.5,2059329.5,7619732.5,9367302,2146598.25,4046429.25,1327057.25,2677603,7238709.5,2610582.5,1314066.625,"NEG",0.313855999921305,0.202339458990397
"129","PE(15:0/17:1)",3273304,3298484.5,2764995.75,3033502.75,4650401.5,2396070,5240419.5,4416501.5,5077540,12900000,5504411.5,3995395.75,2018285.625,4438059.5,2572240.75,2192114.5,2793055,6153607.5,8847792,11700000,5116848.5,11900000,3436308.5,3299709.75,9344472,6051985,2018901.5,"NEG",0.253983469179527,0.321693540373268
"130","PE(15:0/17:1);PE(16:0/16:1)",2631304.75,2448469.25,1595961,1748713.75,3567378,2368305.5,3618179.5,4305098.5,4614529,10600000,4240416.5,2306587.25,1350597.75,1950516,2211823,1675452.125,1540969.875,5291998.5,7932212.5,5647762.5,2463681.75,8536142,1950933,2309177.5,6049264.5,2937492.25,1787964.375,"NEG",0.385020815263643,0.305350288905733
"131","PE(15:0/18:0);PE(16:0/17:0)",644658.0625,95375.14063,112711.125,622230.375,756098.6875,257586.8281,180030.0156,465908.25,279292.2813,2292822.75,610659.0625,209256.7969,119313.375,610336.375,290535.5625,226362.5781,913235.8125,177645.9688,3838064,2999900,570314.4375,910104.75,208662.8281,968255.625,3194003.25,334753.375,351565.5313,"NEG",0.392727274480241,0.430273812639505
"132","PE(15:1/16:1)_A",284571,191836.9844,159460.3594,228883.4531,424577.25,240461.7813,321026.8438,444417.125,294054.6563,1110127.75,499719.8125,205776.6094,114616.5859,329822.7188,116746.0703,130773.6797,218912.7031,255159.6094,593026.125,776963.375,350881.8125,639371.625,141031.7656,272915.0938,624141.875,426258.7813,179725.9688,"NEG",0.195370018551531,0.328559296967841
"133","PE(15:1/16:1)_B",133169.6563,225074.4219,129274.25,77830.67969,212604.7656,123522.3828,276608.625,193735.7813,364328.5313,680335,214560.125,186275.8125,57305.22656,110579.0234,79498.72656,117022.8984,59395.28906,532411,217200.7031,272528.4375,165796.2813,577495.875,131534.3281,120540.6719,235192.3125,194953.6406,87755.10156,"NEG",0.65013708702172,0.401618660365592
"134","PE(15:1/17:1)",232382.2344,148727.0781,172949.7188,753997.375,981308.625,359240.4063,223377.4531,863304.9375,324156.875,2313055,1756494.125,181673.8125,95109.40625,584041.125,406017.75,134888.8906,447943.0625,418660.5625,1066700.375,1468311.625,561257.5,1398973.625,261028.8594,468164,1680800.25,387469.7188,744198.125,"NEG",0.958705480204911,0.781503168938944
"135","PE(16:0/17:0)",490760.0313,208739.0469,154168.375,354655.25,814593.6875,284208.0625,419965.125,645223.25,539268.6875,1776539.875,1068254,301192.9688,220451.9375,964679.6875,446305.0625,214270.7656,489360.1875,451776.5313,2082471,1682339.75,573369.8125,886727.75,290214.9063,699569.9375,1767527,607683.1875,475056.875,"NEG",0.349669557589748,0.118923406430904
"136","PE(16:0/17:1)",2477375.5,2225514,1498897.25,1442188.625,2572419.5,1745658.75,2638949.75,3369928.75,6189980.5,11700000,4086513.25,1879713,1347702.75,2066492.5,1480731.5,1478069.25,1696581.875,4598306,7118671.5,5460302,2001795,7934169.5,1992469.75,2399905,6405049.5,3025015.75,1505979,"NEG",0.545987562447205,0.277099511740999
"137","PE(16:0/18:1);PE(15:0/19:1)",2009834.375,1568397.125,1039519.875,1074608.25,2730226,1408302.375,2376022,4044632,2875267,6365757.5,2940048.25,1678398.375,1233353.5,1646776.875,1217239.375,1360335.375,1224501.75,2945393.5,6649643.5,4444739,1810217.25,4731375.5,1628712,1810065.75,4066378.25,2411204,1108370.5,"NEG",0.223927117670094,0.123377368485794
"138","PE(16:0/18:2);PE(16:1/18:1)",1791607.875,2017724.625,1090201,2674336.25,2485660,3478155.25,9652816,5114690,5707590.5,4014443.5,3911892.75,1301644.875,883815.0625,649304.75,616323.9375,1108796.25,737187.9375,3065722,2433181.5,1677461.875,1723902.25,5137921,1780693,603155.0625,1324250.5,1327338.75,512514.5313,"NEG",0.624615827512817,0.0894041659287446
"139","PE(16:0/19:1)",1722271.5,973560.6875,1116819.75,1010399.063,2335930.5,1010785.313,1564566.75,2344884.5,2254210.75,5416670,2413252.25,1432001.375,1655025.875,2461872.25,1126687.625,984177.375,1498838.75,1488506.875,4553015,5360404.5,1940623.125,4967156.5,1515356.625,2141310.25,3442053.5,2331111.5,733060.8125,"NEG",0.00166073684007666,0.314305720776952
"140","PE(16:1/16:1)",3806439.5,3548991,2639372.25,2799034,5697317,3063941,5889486.5,5556277,6193136,14300000,6068183.5,4388281.5,1834498.625,3873277.25,2048359.75,2493048.25,2205362,7072438,7545546.5,8649841,4672078,10600000,2880893,3301565,7365609.5,5326827.5,2213683.75,"NEG",0.0410000600369961,0.589296957446481
"141","PE(16:1/17:0);PE(15:0/18:1)",3247948.5,2011958.875,1753585.25,1780196.875,3773623.5,1883171.5,3866154.25,4421634.5,3891515.25,11700000,4211893,3232918.75,1370328.25,2535313,1940975.875,1937180,1957956.625,4354770,7470701.5,7171060.5,2876741.25,7575327.5,2012089.125,2326017.25,5982574.5,3369025.75,1773455.5,"NEG",0.483442634581351,0.810024567686957
"142","PE(16:1/17:1)_A",1634661.125,1221325,938447.625,1225108.125,2340016.75,1188957.75,2447403,2136444.75,2140110,5867240.5,2438423.5,1818850,716202.5,1699452.5,918543.75,966520.5,1056799,2013433.125,3292525.5,4550944,1718907,4120508,980574.9375,1349350.625,3576619.75,2460455.5,965352.75,"NEG",0.430053358612204,0.477941658945953
"143","PE(16:1/17:1)_B",583682.9375,658317.125,437996.5313,399458.6875,961579.4375,1127768,1264353.875,1073756.875,1260403.75,2711301.5,1266712.25,601452.125,287468.2188,418263.7188,340690.4063,401184.1563,330965.8438,1327593,1754637.75,1042839.563,641484,2237161.75,454780.9688,500261,1518363.125,610924.25,567300.0625,"NEG",0.0955821901994376,0.213879180903534
"144","PE(16:1/18:1)",3596842.25,2768749,1732294.125,2051680.5,4941242.5,2815200,3739415.75,5399057,5626371,16500000,6425728,2467504,1522636.625,3089622.75,1808526.625,1784649.75,2142021,5704973,6698647,7205272.5,3012904.5,8606017,2199866.5,3070697.75,6797480,3661472.5,2225183.75,"NEG",0.595748289402311,0.630018388022517
"145","PE(16:1/18:2)",173487.8281,208372.4688,116480.5938,241787.0156,309538.4688,260631.4375,694725.125,357590.7188,839826.125,425005.9063,583259.9375,100293.3516,53646.98438,71426.5,46301.89063,108690.7344,71425.52344,187942.0313,233478.875,210885.4375,193172.5938,393404.0938,98962.54688,61481.48047,159476.5469,250212.3281,69108.42969,"NEG",0.032149407291223,0.627987177653087
"146","PE(16:1/19:1)_B",404198.4375,238680.1406,246894.625,253609.8125,695147.125,286223.7813,363086.75,633198.6875,500988.2813,1329107.75,626399.0625,361996.625,339192.2188,423557.3125,405204.2188,222222.5938,290874.9688,402940.3438,1349857.5,925688.875,433420.4375,1046882.438,318035.2813,482995.7188,1004043.188,475823.75,228693.4531,"NEG",0.536197254432478,0.622701678458045
"147","PE(17:0/17:0)",1710474.125,728286.4375,471896.3125,978848.3125,2183583.25,900231.75,1725715.875,1776443.625,1650914.75,4186803.5,2809272.25,1307719.625,643239.6875,2344890,884003.4375,780318.3125,1589982.5,1368682.875,4869208.5,4497471,1483774.625,2244947,999319.125,1905272.5,4123395.5,1791665.375,896164.375,"NEG",0.791292509729572,0.263299287949438
"148","PE(17:0/18:1)",1302799.875,624391.875,451876.2813,597031.625,1933822.375,962313.8125,697272.5,2660059.5,1172252.375,3901822.25,2421394,695318.9375,941599.75,2739939.25,795136.0625,555253.8125,1040319.563,825725.75,3813088.75,5798597,1062783,2772683.75,795677.125,1552282.75,3101661.75,1401758.125,814276.6875,"NEG",0.312505346679808,0.989034785542813
"149","PE(17:1/17:1)",608758.0625,483963.2813,547675.0625,526786.125,927221.0625,399817.5625,1051164,667338.625,850829.0625,1977422.5,827721.75,743481.125,300435.7188,719479.375,578942.25,359325.8438,594570.375,1071124.875,1308382.625,1573972.5,712858.5,1951826.625,541314.625,562948.3125,1696177,690253.0625,326331,"NEG",0.958509877847458,0.199691892386638
"150","PE(17:1/18:1);PE(16:1/19:1)_A",1102664.875,522330.0625,589081.125,739204.875,1610516.875,795121.25,861390.6875,1320249.75,962082.5625,4539756,1798425.625,728392.875,415860.9688,1037058.125,642486.3125,430969.2188,716962.125,981432.8125,1985245.375,2787628.75,1249878,2233366.25,597925.25,1037386.375,2675197.5,1337560.625,707627.6875,"NEG",0.237245154713602,0.783276176627797
"151","PE(17:1/19:1)",2980624.75,2050386.75,1539583,1354910.5,3054207.5,2365593.5,3923870.5,4038924.25,5160645,13400000,3468590.5,2241203.25,1820212.875,2631732.25,1855447.375,1582837.625,1971818.125,4123029.5,5700968,7177762.5,2288747,6114129,2166987,2256870,4788421,3330929,1119419.125,"NEG",0.145329427027782,0.621085705221864
"152","PE(18:1/18:1)",8034151.5,4728784.5,3780884.25,4020881.75,12800000,5560561.5,4869064,13400000,9398832,24100000,11900000,4639693,4530872.5,6782846,3625232.5,4169848.25,5183666,7576266,18300000,26800000,6575045.5,21300000,6022282.5,8247943.5,16700000,8438824,4133230,"NEG",0.0950895534857604,0.8756546814581
"153","PE(18:1/18:2)_A",959917.5,1198275.625,1188894.875,482376.6563,933217.0625,799182.75,2685478,4994340.5,2185565,1804402.875,939613.4375,1305472.125,1041267,379472.9688,408394.625,1327029,491893.25,2318005.5,1448452,893551.1875,1178519.375,4122372.75,1423419.875,358779.875,975207.0625,1002932.625,220172.2813,"NEG",0.228458594140712,0.760096851970952
"154","PE(18:1/18:2)_B",2685602,527351.625,823803.375,1427479.5,3163763,1581173,702207.4375,3548147,1830719.5,5216049,2817156,681785.5625,1763762.625,3848020.25,918821.6875,753639.625,2429117.5,712346.625,7953614.5,17900000,2209529.75,6704612,2213493,3866232.25,6501913,1747100.875,620843.5625,"NEG",0.294064861568932,0.547935315606801
"155","PE(18:1/19:1)_A",1158429.75,937067.5,677499.875,678788.625,2236905.25,1030570.438,929833.4375,2557263.25,2016185.375,4434022,2866351.75,788170.4375,747590.3125,1126376.875,473111.7813,697567.75,793383.9375,1723771.875,2237706,3526405.25,1108798.625,4983159,1289876.625,1338883.875,2622014.5,1594536.375,723844.25,"NEG",0.162994874986931,0.796107071384114
"156","PE(18:1/19:1)_B",3538816,2191588,1936572.375,2106878.5,5500875,2522738.25,3338194.75,5527971.5,4329392,10800000,5390862.5,3042873.5,2157951.25,4089924,1681446.5,1990931.75,2354888.5,3043319.75,7348634.5,8533435,3375551.75,9132085,3040911,4159486,7174974,4405053,1839173.375,"NEG",0.128671080646915,0.653555712121891
"157","PE(18:2/18:2)",850659.3125,2417135.75,1299985.375,3137318.75,2466288.75,2959569.25,5717207.5,2657940.25,4853890,3244168.5,2547486.5,1454658.875,798481.875,623987.625,281301.3438,1000992.125,519663.6563,2666295.75,1204675.875,1474362.25,2034665.375,4129436.75,1285776,300758.8438,710140.1875,742881.9375,441585.7813,"NEG",0.0625062549923922,0.791533225523479
"158","PE(19:1/19:1)",3074893.25,1595480.875,1665180.125,1653630.625,5365204.5,1830729,2680082.75,4437583.5,3798106.75,7033608.5,5144453.5,2164428.25,2555309.75,3882382.75,1372192.375,1473443.625,2653347.5,1950702.625,6212366,9768131,2778270.75,7485474.5,2829338.5,3746552.5,6312992.5,3886333.5,1354187.25,"NEG",0.143644366663446,0.385989543512905
"159","PE(35:2)",2190737.75,2758869,1704709.25,1220895,4259198.5,1708151.125,3860017.5,4219600,4900832.5,7969664,3677872.25,2496668.75,1334703.5,1522828.75,1449598.875,1704210,1142035.375,5509270,4485996,4770212.5,2212271,7702129.5,2217039,1789833.75,3671040.75,2698519.25,1240539.625,"NEG",0.0384417367639025,0.666880789667265
"160","PE(36:1)",625465.5625,320728.8125,252386.4063,298344.5,947488.25,369369.7188,516096.875,1377470.625,767063.1875,1678567.5,1078687,430285.1875,401125.7813,809249.625,280418.75,292424.25,496808.75,725731.5625,1503378.375,2167044.75,566328.875,1684025.25,475309.875,866076.875,1436165.625,750023.1875,262861.625,"NEG",0.112463112386905,0.708379117325182
"161","PE(O-15:0/15:0)",1549669.125,760108.1875,631630.6875,936986.125,1788293.875,1020726.188,1448924.125,1804725.25,1157535.25,6159172,2173684,1242482.5,670353.625,2485014.75,1201985.375,704558.75,1733348.625,902569.5625,5571965,6097396.5,1600527.875,2663967.25,785936.3125,1697110,3929027.25,1817925.625,797311.5625,"NEG",0.161215724678367,0.298981608050806
"162","PE(O-15:0/15:1)_A",1209421.75,462004.1875,498204.625,842048.0625,1578775.125,965674.625,1162395,1894307,855294,5287510,2014614.625,820390.125,408693.625,2850768.25,1552110.75,400586.2813,980385.5,580124.875,2984267.25,3560860,1047196.938,2026383.875,532825.1875,959267.3125,2565941.5,1574818.375,643309.125,"NEG",0.232553616722929,0.208036269980218
"163","PE(O-15:0/15:1)_B",1585229.875,380231.5,450764.0313,770548,1712760,1033964.875,584937.5625,1577103.25,647730.6875,6849994,1579061.625,807546.625,260417.2656,2307779.5,635640.25,466596.0313,1552266.125,485994.125,2451244.5,4286527.5,982838.1875,1940796.875,458884.5313,1126899.5,2700244,1335555.125,782453.25,"NEG",0.127371849435241,0.876413580367771
"164","PE(O-16:0/15:1)",321302.8125,45658.65234,99836.24219,374777.375,881969.875,256815.0156,61991.42578,591347.9375,161517.0469,1577316.375,742503.8125,86214.67188,23490.3418,373931.875,202609.5625,44728.91406,223971.2656,139276.9063,769476.5625,657598.9375,403814.4375,799164.375,121473.5859,804248.3125,923359.25,236606.7969,716261.625,"NEG",0.147941477338836,0.708601596954851
"165","PE(O-17:0/17:0)",1349388.875,473929.0625,504524.3438,1097998,1574984.5,724408,706479.1875,863698.8125,916628.625,4394753,1975362.75,1068791.125,670023.25,3142321,653156.5625,410340.7813,1764725.625,424898.375,2691168.25,5564010,1608163.75,2575991.75,830311.5,2088345.625,4449088.5,2559314,372272.7813,"NEG",0.242965825604533,0.0535056606151696
"166","PE(P-16:0/16:1)",424632.5,767256.9375,617149.875,634136.8125,1966989.25,349136.125,839617.1875,664543.5625,2191661,1778139.125,2024247.75,720062.75,224333.0625,556504.125,288154.5938,458942.0938,473595.625,1752915.5,1776749,1462303.5,684159.125,3516655,588159.9375,770996.5,1261111.375,603554.0625,514035.4688,"NEG",0.243970808684938,0.0309999792527605
"167","PG(15:0/15:0)",183893.1094,330679.375,122031.0938,89031.9375,79031.65625,52501.97656,915688.625,62159.49219,436419.8438,758631.1875,392547.7813,581167.5,127113.9609,140831.1875,96941.63281,178232.7813,38970.55078,713410,484678.7813,382600.4063,162427.4375,729649.0625,249313.2188,60462.9375,255269.875,188587.9219,36026.63281,"NEG",0.755359707251927,0.351316890466319
"168","PG(15:0/16:0)_A",151574.625,213871.9844,89812.99219,71838.55469,80473.65625,45643.89844,433883.3438,70770.28125,305576,480496.5,317730.8125,311431.7813,89887.75,124244.0078,50664.26172,110221.3281,44665.82031,353454.0625,442021.9688,429654.1875,125919.4922,496228.125,169849.0781,88562.15625,161622.8125,200278.2813,27600.58008,"NEG",0.38318482771551,0.687913573589425
"169","PG(15:0/16:0)_B",415146.6875,1206243.125,290625.5313,150083.0313,268841.0938,116783.6094,1648322.625,240280.8281,1992883.125,1433735.75,1320584.875,1318258.125,451766.75,328529.6875,754816.5,532814.0625,99560.85156,1943074.375,854458.0625,1218180.25,460696.0313,1787645.125,834618.875,327418.75,1779164.75,544039.25,101433.3281,"NEG",0.0365138479613253,0.973628673713252
"170","PG(15:0/16:1)_A",203716.5,444401,124012.4453,67673.96875,108489.3672,60283.78906,795370.6875,72191.03125,638465.5625,879331.25,457393.3125,549001.25,141646.0938,101098.1406,63726.21094,231186.4531,42326.32031,835979.5625,364569.8438,446530.4375,186485.5625,841685.125,343083.625,81429.55469,163019.2188,235871.0781,40975.50391,"NEG",0.433471867439131,0.843766992330966
"171","PG(15:0/16:1)_B",138314.5156,229343.0625,108766.25,51067.88672,84257.83594,33946.16016,655588.4375,29822.4043,288828.4688,644426.1875,311392.0313,439642.0625,56039.08203,78487.91406,50533.05859,92599.30469,19926.17188,495411.9375,224629.2344,182772.8906,115906.7188,544523.25,132186.4219,38203.01953,89882.10938,156570.2813,18541.43945,"NEG",0.445262975176874,0.883191045472753
"172","PG(15:0/17:0)",513731.4688,336236.9375,168038.7969,129926.8125,213206.5469,105643.4609,850142.9375,133252.8281,666917.5625,926050.875,715377.5,610772.9375,181256.3906,317342.375,103790.5234,201121.2188,133508.5938,495423.2813,678444.6875,1140177,267036.5625,963013.625,381418.6875,202673.3438,455099.9688,368722.7813,64373.78906,"NEG",0.146170452106701,0.496751763744051
"173","PG(15:0/17:1)",195539.8594,369129.1563,182025.6563,93078.82031,72472.60938,39798.96094,1121208.375,37490.26563,476730.7188,611453.25,216085.1406,614163.1875,126491.4141,132013.9375,93426.95313,168849.875,46104.32422,630803.0625,362726.6875,442496.2813,177258.5,909532.625,325671.5,51642.46484,203927.2344,228090.4531,31344.04102,"NEG",0.0618579773532684,0.974838017746215
"174","PG(15:0/18:1);PG(16:1/17:0)",306908.0625,568556.6875,218425.9375,101528.6875,175767.4844,69765.40625,1270685,87003.08594,796268,1091007.25,651521.125,1011573.563,155516.0625,159994.2656,109439.1484,251979.0469,91853.53125,935358.4375,587050.75,538637,223975.8594,1323252.875,365972.4375,112429.6406,288102.0938,284305.7188,56224.25781,"NEG",0.0541352765712793,0.679784512946273
"175","PG(16:0/16:0)",138243.3281,495598.875,69380.99219,93032.78906,63150.87109,43146.01172,493171.2188,42233.42578,588817.75,544725.3125,211565.3906,442624.5,111965.5625,73739.22656,41192.18359,246142.6406,25493.44336,298848.2188,390271,298600.375,95213.625,654630.1875,240594.8125,51826.69141,137598,205486.2656,20947.375,"NEG",0.163367231358624,0.999984532302679
"176","PG(16:0/16:1)",428175.8125,915257.75,326403.5,158270.1875,228145.5,135188.375,1692671,157203,1636380,1894876.375,1164873.375,1253928.375,331305.4688,257815.2344,210888.2188,503617.8125,83306.57031,1621863,1162851.375,983171.25,358859.3125,2500903,724396.25,194458.6719,577285.25,448823.9063,110808.6406,"NEG",0.178168610855088,0.671651973239473
"177","PG(16:0/17:0)",124129.2656,289551.3438,86624.41406,43275.69531,30924.55664,20591.74805,409902.9688,23563.81641,241974.3594,314589.5,94843.53906,400981.5313,113562.0234,73400.80469,35575.36328,133199.25,23561.34375,187705.4844,325377.9688,268209.9063,93551.00781,359480.5938,164341.7656,27267.75977,83606.03125,174804.0313,6721.149414,"NEG",0.174894800230625,0.691587768837847
"178","PG(16:0/17:1)",239617.7656,476011.0313,135682.0781,60493.48438,94325.04688,86230.97656,1137461.375,45025.77734,784623.9375,943431.5,397453.1875,570805.3125,111515.4922,121618.7891,82904.64844,230700.875,45162.60156,565144.125,495756.5938,364104.5938,138511.6406,785994.8125,260992.875,64831.14063,229816.0781,335724.1875,35471.40625,"NEG",0.137354495800341,0.840737551007241
"179","PG(16:0/18:1);PG(16:1/18:0)",775283.625,2417990.75,884352,329735.1563,612230.8125,267870.7188,2969692.25,541111.6875,4094595.25,3217254,2351879,2865336,1353275.25,476200.9375,422890.5625,1561976,213196.1875,3274550.75,2435844.75,3028634,907206.6875,6130516,2506033.5,593995.625,1047708.563,1175199,201802.7813,"NEG",0.878242746878971,0.117708097582436
"180","PG(16:0/19:1)",400393.75,550850.0625,299480.7188,138703.6719,282652.5,130134.4453,1151066.125,184241.5469,1101418.375,1020180.625,970981.875,1011602.313,604893.4375,390838.2813,223188.1563,370626,145325.1563,726578.1875,948831.125,1053202,399039.75,1903173,766581,248655.7656,587459.75,701636.25,66976.88281,"NEG",0.99706063655011,0.996324957241839
"181","PG(16:1/16:1)",131975.0938,440813.6563,181748.4844,60142.30859,121881.4688,48260.9375,815430.8125,40445.94141,578282.25,703643.625,418415.125,580449.0625,75655.01563,73236.77344,72498.17188,173206.4375,34206.97656,759951,316971.5313,222339.7031,147376.6875,852680.6875,255715.8125,66016,118052.4375,199895.8594,32733.85352,"NEG",0.0281747901431109,0.568199220309033
"182","PG(16:1/18:1)",296998.25,530815.375,185316.8906,80476,170678.1563,92894.95313,938496.1875,93541.34375,814777.1875,1092457,668702.625,648895.6875,180987.2656,145860.5469,246836.8594,282581,49821.03516,959435.8125,562766.375,504440.1875,221766.3594,1290584.125,386766.375,115927.5313,350256.5938,326052.25,54238.39844,"NEG",0.0548270824853064,0.497397135722608
"183","PG(16:1/19:1);PG(17:1/18:1)",106350.1875,182649.3438,79913.48438,26746.45898,66688.125,37021,363510.875,44948.51953,284959.25,403523.7188,195050.5938,282628.25,65179.07422,63037.96484,49144.77734,93804.74219,24839.48828,310126.3125,204537.3281,263582.2188,70633.99219,430442.0938,149867.8281,40912.51172,90269.73438,154195.9531,16152.62402,"NEG",0.626070491997279,0.19693460524288
"184","PG(17:0/17:0)",323268.2188,620610.625,194609.1406,86694.65625,126596.4063,62057.16797,1389710,83789.16406,707569.125,544697.6875,434428.9063,963397.125,198348.2813,235658.9219,129676.0625,312667.9688,79183.47656,611211.0625,666500.1875,647896.375,230412.6563,957132.25,340972.25,93274.77344,220826.2813,361662.5,27333.64844,"NEG",0.0636013962052724,0.507735381465008
"185","PG(17:0/17:1)",117303.3047,211849.4063,78571.9375,54647.23828,68268.125,38838.54688,434507.0938,28544.50586,206319.6563,448293.375,190959.25,393667.125,74269.98438,71153.75781,48039.93359,102393.1328,36458.22266,185851.4531,260365.9688,279825.5313,89386.89844,490966.2813,105533.1328,40161.28906,118700.8672,191857.3438,15681.97168,"NEG",0.66389416471393,0.321273764535606
"186","PG(17:1/19:1)",162163.7813,257985.875,124068.2109,35390.82813,64190.26172,54513.58203,568133.0625,60206.55078,452360.5625,534026.375,192017,362796.75,142684.625,91462.55469,75617.60156,135665.6719,32230.92188,474057.5313,355357.4375,319716.3125,97433.07031,468873.9688,219063.625,36779.71875,116754.3203,157586.7031,23576.79688,"NEG",0.173409713976351,0.454297457643002
"187","PG(18:0/18:1)",173570.9063,307333.4063,155563.3438,84404.28906,150251.5313,49683.55078,445765.8125,150580.8594,515551.2188,456760.5625,437995.625,421674.75,152359.875,117814.9297,102241.25,185315.8125,67912.54688,405004.2188,424100.0938,501816.875,140524.8125,947771.9375,302194.3438,103808.2734,243141.3438,188239.4688,39865.625,"NEG",0.385476136413484,0.977441908102487
"188","PG(18:1/18:1)",1510009.5,1693204.5,930292.9375,546199.375,940140.1875,422282.6563,2660882.75,648368.0625,2899478,3574329.75,2918140.75,1948277.125,1206610.125,1154991.25,455866.9375,1041036.438,454290.2188,2482177,3947707.75,5820728,1005220.188,5729446.5,1844083.875,811267.5625,1646347.625,1277434.5,227267.8438,"NEG",0.465166048886469,0.0308511184220516
"189","PG(18:1/19:1)",342304.9063,756890.6875,265418.9063,91831.39063,190066.8281,101417.9609,1207867.125,149685.2813,1291444.625,878154.375,819746.875,918940.75,366118,187561.1875,140822.375,378551.4063,63278.57031,1038311.75,561701.8125,633141.5625,260729.4531,1581406.625,616295.0625,166233.875,329447.4063,324519.4375,61419.41406,"NEG",0.0910311635845834,0.659965648491655
"190","PG(19:1/19:1)",479712.5313,743627.5625,384630.9063,109850.5547,227946.0469,101022.5938,1520296.625,146416.3906,1322664.25,824082.625,896490.375,1382664.125,636268.4375,331083.125,194896.2969,512743.8125,137449.4063,760832,917615.5,797968.3125,321107.2188,1951750.5,837981.4375,179009.1563,355821.4688,583666.375,59539.84375,"NEG",0.0102594974828257,0.376127086714335
"191","PI(15:0/15:0)",104699.6016,525393.5625,57448.83984,30899.33789,27236.60156,30236.05469,1104129.75,17419.1582,654914.5625,762388.5625,517208.9375,1103337.5,125304.7422,72768.77344,60997.38672,233315.8281,10670.93945,337760.6563,397254.2813,341416.5,82356.73438,436966.9688,296771.5938,25345.16797,63825.37891,166320.1094,11575.17285,"NEG",0.209008610566892,0.671631928314134
"192","PI(16:0/17:0)",27873.29688,202369.5781,30657.53906,5018.874023,11538.25293,3952.201904,273995.2813,0,240924.4063,90150.38281,113345.7813,257733.125,149852.0938,16642.96484,13696.11328,79689.07031,4287.223145,57417.46875,104350.6953,106273.7031,34110.98438,233928.7344,153701.8281,9533.599609,17027.37305,64249.46875,0,"NEG",0.244357702272558,0.225950813034277
