row.m.z,row.retention.time,row.identity,_C_12_AB_M_17_,_C_19_AB_M_16_,_C_14_AB_M_27_,_C_30_AB_M_14_,_C_4_AB_M_08_,_C_7_AB_M_07_,C_M_avg,C_M_stdev,_H_30_AB_M_11_,_H_28_AB_M_03_,_H_11_AB_M_13_,_H_17_AB_M_18_,_H_26_AB_M_12_,_H_2B_M_02_,_H_2_AB_M_23_,_H_32_AB_M_20_,_H_34_AB_M_01_,_H_4_AB_M_05_,H_M_avg,H_M_stdev,,,,,,_C_19_AB_O_26_,_C_27_AB_O_21_,_C_12_AB_O_25_,_C_14_AB_O_09_,_C_34_AB_O_10_,_C_4_AB_O_04_,C_O_avg,C_O_stdev,_H_17_AB_O_22_,_H_11_AB_O_24_,_H_2_AB_O_15_,_H_32_AB_O_19_,_H_4_AB_O_06_,H_O_avg,H_O_stdev,charge
863.6896955,26.67964198,CoQ10,1712878.125,2081089,2071806.875,3061415.75,2348825.75,1220161.875,2082696.229,617991.7355,1431300.5,1556272,1724501.375,1503287.75,1451675.375,1803499.125,1799981,2349421.25,1536241.625,1906464.125,1706264.413,279945.6983,0.20880922,,,,,1382124.75,1125125.25,1184777.625,969736.0625,1360251,1227388.125,1208233.802,153657.1338,1590718.375,1046162.313,1196283.875,1372953.5,1156410.25,1272505.663,213230.1081,POS
727.5644411,24.50490123,CoQ8,554221.875,715525.4375,469119.375,708864.625,1264249.75,376695.75,681446.1354,314869.7155,468143.0938,449613.6563,487438.8438,441474.1875,444762.0313,456715.9063,472628.0938,590188.0625,447353.4375,376680.1875,463499.75,53334.69531,0.153577746,,,,,425283.3125,337204.0625,539374.8125,361351,767828.9375,459031.625,481678.9583,157642.5107,454802.9375,218337.7031,296948.375,429411.9063,311702.875,342240.7594,98240.75353,POS
795.6271907,25.71703704,CoQ9,519139.6563,888100.25,504298.0313,1319711.375,1164968.125,520426.7188,819440.6927,361463.4319,403211.875,453667.875,954079.75,368251.9688,434176.125,835534.4375,370172.5625,574586.4375,440600.8438,272674.9688,510695.6844,218188.4925,0.099894365,,,0.099894365,,688053.4375,596501,736611.5625,532638.875,762783.0625,801093.9375,686280.3125,103186.4664,699693.0625,661979.1875,336758.6875,546372.5,474951.3125,543950.95,146527.9137,POS
600.5551355,23.33503086,DG(16:0/17:0/0:0),344919.7813,184904,305112.125,404670.1875,348569.2188,167552.2031,292621.2526,95730.42399,349460.4063,396636.8125,322619.4688,244961.6875,255044.7969,459383.8438,213347.0781,683092.9375,156107.75,218947.9531,329960.2735,154674.2826,0.56043447,,,,,529697.1875,346299.875,349191.25,364735.4375,368636.0938,295260.9063,375636.7917,79903.39062,341947.2188,459989.5625,378594.7813,336132.9688,432033.4688,389739.6,54785.53222,POS
612.5549276,23.35625309,DG(16:0/18:1/0:0),971529.125,631500.1875,755992.6875,1081594.375,778655.1875,725851.3125,824187.1458,168220.0843,538825.625,1404382.75,476531.9375,780659.75,471157.0313,636552.8125,580246.375,638469.3125,496635.1875,477515.0938,650097.5875,282656.4634,,,,,,592883.5,952055.875,491842.3125,632846.0625,559880.1875,525212.875,625786.8021,167322.3783,477301.625,535885.0625,662728,435852.3125,715047.0625,565362.8125,119668.3276,POS
610.5391776,22.4546358,DG(16:0/18:2/0:0),804211.4375,561385.0625,550495.25,1159439.375,455949.1875,1201395.25,788812.5938,324697.4805,323625.9063,808519.4375,224578.1406,612798.0625,328854.4063,318295.375,341720.5313,547671.375,305407.125,337081.4063,414855.1766,181480.776,,,,,,704189.5,681085.5,2227875.25,829226.6875,1030857.625,579498.25,1008788.802,616986.5348,606755.3125,376896.5,829366.1875,382138.5313,599510.1875,558933.3438,188056.6152,POS
610.5391675,22.4546358,DG(16:1/18:1/0:0)_A,804211.4375,561385.0625,550495.25,1159439.375,455949.1875,1201395.25,788812.5938,324697.4805,323625.9063,808519.4375,224578.1406,612798.0625,328854.4063,318295.375,341720.5313,547671.375,305407.125,337081.4063,414855.1766,181480.776,t-Test: Two-Sample Assuming Unequal Variances,,,,,704189.5,681085.5,2227875.25,829226.6875,1030857.625,579498.25,1008788.802,616986.5348,606755.3125,376896.5,829366.1875,382138.5313,599510.1875,558933.3438,188056.6152,POS
610.5391821,22.27535802,DG(16:1/18:1/0:0)_B,538058.3125,343039.5,345898.9688,577859.625,606121.5,319599.3438,455096.2084,132364.9117,266162.8438,540487.8125,224081.6563,291894.5,220335.4375,322477.5,386573.9688,230543.6094,389225.5,302792.6875,317457.5516,99387.50526,,,,,,206672.6875,525194.875,157386.8906,235016.625,282970.9375,191438.7969,266446.8021,133644.8115,214647.3438,138436.7031,192709.1406,173310.9375,268490.1563,197518.8563,48554.52613,POS
614.5705696,23.74396296,DG(17:0/0:0/17:0),265774.375,167122.3906,239617.8438,355569.9063,336172.8438,168724.7656,255497.0209,80275.08036,247981.0781,293284.5313,228194.6406,198273,168171,306911.7813,212574.3438,409676.625,150020.1563,191079.4063,240616.6563,77780.42987,,Variable 1,Variable 2,,,482229.4688,262029.4063,308810.5938,329290.0938,339476.3438,202515.9375,320725.3073,93882.02748,213037.8906,265711.8438,235843.2813,264646.6875,325536.4688,260955.2344,42230.52812,POS
638.5705114,23.42856173,DG(18:1/0:0/18:1),3410918.5,1827907.25,1723475.5,2202206.5,1764657.25,1124163.625,2008888.104,769371.402,979994.4375,3865238.5,969073.6875,2039480,1083805.125,1252031.375,1592017.75,1295579.875,1414434,919823.25,1541147.8,885038.4185,Mean,292621.2526,329960.2735,,,1381133.25,2825092,1188475.5,1157052,818795.4375,1194988.625,1427589.469,708557.8088,905474.9375,1668460.375,1442555.875,665053.625,2003071.625,1336923.288,548266.6353,POS
636.554517,22.55311728,DG(18:1/18:2/0:0),1210047.125,985064.0625,1079802,1555283.375,780751.0625,883665.6875,1082435.552,275637.7732,527380.625,1525477.5,443897.5313,1046975.875,692082.875,503017.25,740618.5625,1120029.375,449794.3125,574879.9375,762415.3844,357993.1449,Variance,9164314076,23924133687,,,954308.4375,1139999.375,906001.375,833043.875,1110552.5,789814.625,955620.0313,143512.9893,684499.625,858176,960134.5625,551899.5625,730839.5625,757109.8625,157723.6788,POS
634.5391661,21.46571605,DG(18:2/0:0/18:2),1040366.063,943477.5625,894867.5625,955787.9375,441920.1563,863326.125,856624.2345,211955.1557,503723.0938,750085.5625,317115.8125,520424.7813,417607.5938,424721.5,403789.5625,865055.9375,327110.9063,403724.6563,493335.9407,179540.6417,Observations,6,10,,,1104588.375,850786.0625,6201968.5,1053570.875,1502131.625,999586.0625,1952105.25,2093306.453,897136.25,648418.3125,1176785,559183.8125,782194.8125,812743.6375,240767.9664,POS
908.6294065,18.34119136,DGDG(14:0/18:1);DGDG(15:0/17:1),548745.125,641711.6875,886666.25,981563.875,942113.875,892949.3125,815625.0208,176653.1982,658161.125,668611.0625,779442.5,581531.8125,258470.375,1299464,873700.375,998913.4375,872291.5625,1268794.5,825938.075,314733.7001,Hypothesized Mean Difference,0,,,,612565.25,642227.25,328870.2188,658434.125,713815.625,318013,545654.2448,175280.82,571587,475716.1875,621115.0625,781692.375,575784.125,605178.95,111986.6405,POS
882.6135706,17.36124691,DGDG(15:0/15:0),246153.4219,316477.0313,396811.625,475839.9375,414244.625,405817.2188,375890.6433,81432.05834,354638.5938,355771.1875,341152.875,301429.5625,117541.625,734045.4375,402247.0313,491817.2813,389536.125,745105,423328.4719,191706.4562,df,14,,,,200530.2344,238514.1406,127202.6328,213640.8125,263827.8125,131829.625,195924.2096,55840.24693,250542.875,140084.8125,243704.6094,396278.1875,239977.0781,254117.5125,91561.827,POS
894.6135906,16.96664198,DGDG(15:0/16:1),165667.5781,176892.5156,181772.7188,324260.5938,415614.4063,240055.7188,250710.5886,100150.1373,219818.7656,194214.2656,174716.0313,121583.4766,125142.25,298430.7188,223992.4219,402671.8125,229444.4844,367171.0313,235718.5258,94406.61344,t Stat,-0.596390921,,,,385747.4688,344883.1875,228083.1563,414267.5625,609030.6875,257714.3438,373287.7344,136130.6194,295407.3125,206606.8281,269801.0313,305713,250591.4688,265623.9281,39435.46877,POS
910.6446241,19.43335185,DGDG(15:0/17:0),425526.1563,546324.6875,821565.5,1111601.75,757615.125,643593.75,717704.4948,239902.7456,783460.75,688420.3125,954810.1875,728547.25,302187.3125,1767081.75,953361.1875,1063977,773168.9375,1638333.875,965334.8563,440735.5974,P(T<=t) one-tail,0.280217235,,,,347106.8125,423213.875,186698.1875,449793.0938,512127.125,188868.2031,351301.2162,137283.1288,594693.4375,367083.6875,473047.0625,933108.375,496922.0625,572970.925,216984.2234,POS
922.6445627,19.02337037,DGDG(15:0/18:1),189322.2969,215783.625,331971.7813,439093.1875,406951.625,258152.9531,306879.2448,102583.5686,320964.0625,269596.875,297133.6563,256470.3438,134983.5,409232.5,305055.375,578941.125,450631.2188,754513.4375,377752.2094,179220.8289,t Critical one-tail,1.761310136,,,,222334,243355.1406,121165.25,320585.0938,394888.375,161824.5781,244025.4063,100939.1714,289806.6875,135066.5156,193910.2969,433930.0938,269434.5625,264429.6313,113034.5559,POS
936.6601433,20.30087654,DGDG(15:0/19:1),272942.2188,300472.4688,384523.3438,430452.2188,471250.2813,269101.875,354790.4011,86213.39624,404445.4688,422020.9688,570462.125,409609.8125,157152.5,930451.1875,612742.4375,665611.8125,337174.8125,1024204.25,553387.5375,267523.063,P(T<=t) two-tail,0.56043447,,,,123250.7344,194127.9219,141675.3281,104021.9609,172703.7813,199735.6875,155919.2357,39051.12837,197214.6875,129441.25,208313.0469,488820.4688,201154.4844,244988.7875,139958.9609,POS
962.6753872,20.47140123,DGDG(18:1/18:1),408204.1875,465235.2188,448162.7188,453732.5938,518000.9375,252165.1563,424250.1355,91411.95702,242560.5938,246983.8594,244231.1563,165273.8125,166400.6406,327640.3125,166681.4375,252350.1719,314938.0625,252041.4219,237910.1469,57735.12251,t Critical two-tail,2.144786688,,,,441480.7188,353938.5938,321275.25,490784.8125,995221.8125,355136.3125,492972.9167,254055.0132,432221.9688,210990.3594,369447.9375,301877.3125,289921.2188,320891.7594,83891.53601,POS
976.6910469,21.5512284,DGDG(18:1/19:1),388993.4375,238140.9688,308365.8438,358042.875,329661.0313,216655.5625,306643.2865,67448.65729,144019.7656,185607.1719,120808.1172,94672.54688,115750.3906,141645.6406,142318.0156,314645.75,245097.0781,148662.4688,165322.6945,66936.44374,df,7,,,,480471.8438,534823.75,418731.25,395085.125,359448.7813,523383.0938,451990.6407,71662.82972,282731,262615.7188,285988.75,233057.8906,283565.6563,269591.8031,22473.09197,POS
990.7064368,22.45311111,DGDG(19:1/19:1),4212220,4329332.5,6546269.5,7214051,5504018.5,4886196,5448681.25,1218397.327,3534772.75,2848491.25,5497553.5,2938568.25,2046747.875,5310086,3804967.75,5927251.5,3010719,4597471.5,3951662.938,1312667.011,t Stat,1.895297469,,,,4830884.5,6040350.5,4495941,5478196.5,3943782.75,5391022,5030029.542,755878.1683,4742753,4781147.5,5274564,4692112,5448937.5,4987902.8,348233.4038,POS
706.5597601,16.87318519,DGTSA(14:0/18:3),108395.4297,85706.11719,94552.28906,59849.98438,65938.67188,45736.11719,76696.4349,23507.04493,25917.00781,19576.09961,10346.38086,4869.204102,21086.00391,15347.53027,7351.995605,20956.19141,24892.2832,13403.67578,16374.63726,7280.480708,P(T<=t) one-tail,0.049947183,,,,267071.7813,59844.60938,390686.3125,48864.44531,86148.875,127925.5156,163423.5898,136729.7995,69434.40625,19341.49609,21002.76367,20279.47461,33495.3125,32710.69062,21328.34363,POS
712.6070923,20.53124074,DGTSA(15:0/17:0),552434.125,612066.8125,741441.625,743011.4375,1109096.5,435767.3438,698969.6406,232485.6116,561615.375,621763.375,628410.1875,424927.2813,235712.5,880441.6875,581505.625,866627.6875,787434.5,802670.0625,639110.8281,204694.9452,t Critical one-tail,1.894578605,,,,242112.5,319973.3125,276498.7813,286907.9375,481263.625,294716.4063,316912.0938,84429.74578,443365.9688,258612.0625,574503.5,616987.1875,369246.125,452542.9688,147095.2499,POS
710.5914544,19.23348148,DGTSA(16:0/16:1)_A,746166.25,796756.125,1274582.875,1015867,2041450.875,924760.5625,1133263.948,482724.0167,794294.0625,1029578.188,1314896.5,545075.375,267323.1875,1169458.375,1124206.625,1363484.625,1039305.875,1248937.75,989656.0563,353526.8049,P(T<=t) two-tail,0.099894365,,,,863233.3125,556196.25,645775.5625,588097.0625,995558.625,691511.0625,723395.3125,171423.5158,812770.5,526524.625,958600.1875,880774.9375,786545.4375,793043.1375,163224.9307,POS
710.5914992,19.56580864,DGTSA(16:0/16:1)_B,6658946,4396737.5,5478051.5,5607921,10400000,4827108.5,6228127.417,2184227.022,4373599.5,5862331,3482419,2302981.5,3058375.75,4067010.5,3712635.75,8473056,5496358,4812025.5,4564079.25,1746558.162,t Critical two-tail,2.364624252,,,,9947221,9465831,8459169,8980117,15600000,9724699,10362839.5,2621004.36,9293737,4318264,8216908,5721454,8688007,7247674,2127859.132,POS
708.5758879,18.50321605,DGTSA(16:0/16:2),168608.2188,87389.42188,85758.64844,78380.19531,116444.8672,74253.11719,101805.7448,35916.89787,61783.55469,78755.48438,24861.91406,27760.45508,50596.64063,49463.54297,34922.91797,85079.32031,81765.96094,39021.625,53401.1416,22520.84219,,,,,,221657.7969,144089.5156,187339.4063,107292.6016,178484.4688,173002.4063,168644.3659,39096.61929,260468.3594,54831.59375,89712.4375,140795.0938,113064.75,131774.4469,78554.06296,POS
738.6228105,21.40399383,DGTSA(16:0/18:1),5345220.5,3741070.25,3493179.75,3309907,5610968,2107599.25,3934657.458,1323672.054,3077639.25,4559271.5,2222235.75,2681835,2605019.75,2053314.25,2164179.75,5418584,2302512,2812134.75,2989672.6,1118758.505,,,,,,3876308.75,8736777,5655941,3564553.75,7006580,3285962.75,5354353.875,2187593.924,4937118,2128838,5145954.5,3027391,7838648.5,4615590,2206755.788,POS
736.6071482,20.03412963,DGTSA(16:0/18:2),5461167,13100000,6510283.5,7440665,14300000,916023.8125,7954689.885,4996962.767,12800000,8032506,1033477.5,3314227.75,3180185,3427825.75,6873314,16200000,1.00E+07,9473040,7433457.6,4820499.205,,,,,,13300000,3944929.25,13600000,5350515.5,17100000,4456418.5,9625310.542,5699658.422,5320418,2014568.125,8724005,11300000,6275649.5,6726928.125,3510326.278,POS
734.5912837,19.00279012,DGTSA(16:0/18:3)_A,355900.8125,254759.0938,280346.375,672165.0625,413489.5,243885.2031,370091.0078,161627.3368,440638.4375,187166.0313,103328.5625,94090.67188,133524.0938,69511.71094,50909.25,88268.6875,150881.5625,77878.80469,139619.7813,113362.9362,,,,,,573147.375,524882.625,1040583.813,408550.125,752495.4375,1292326.5,765330.9793,339321.5818,1723235.875,212414.9375,307319.75,290710.2813,318525.8125,570441.3313,645767.3757,POS
734.5910972,19.42851235,DGTSA(16:0/18:3)_B,236142.3438,133527.8281,5968305.5,741658,115735.4297,17182.1875,1202091.882,2348951.28,1319777.75,91095.23438,12136.0791,18972.13672,149045.3125,21668.76758,17720.41211,42760.79688,205047.25,23351.1582,190157.4897,402276.3505,,,,,,98529.16406,117517.7109,139009.4531,481921.1563,929724.3125,56265.625,303827.9036,343154.4215,71400.42188,192823.125,34043.30859,63856.12891,30263.31445,78477.25977,66403.68314,POS
732.5755431,17.63171605,DGTSA(16:0/18:4),69238.59375,35037.10938,463668.3438,48405.32422,78792.03125,99407.75,132424.8587,163844.4482,256224.8281,162671.6719,60630.9375,12784.14746,40452.89453,12329.69629,38372.16406,90941.97656,42218.74609,43867.84375,76049.49062,76996.15036,,,,,,262812.6875,131182.9688,371552.0625,174113.2031,303918.8125,142298.5938,230979.7214,97109.80069,162236.4219,110665.9297,85534.79688,78794.51563,102101.7109,107866.675,32943.29692,POS
752.6382868,22.31098148,DGTSA(16:0/19:1);DGTSA(16:1/19:0),741502.0625,364545.0313,627626.25,779840.4375,1045458.563,461829.5,670133.6407,243548.6488,542518.25,572212.125,298552.5,283555.4063,276067.5938,761441.375,660001.9375,898056.5,452260.6563,583547.125,532821.3469,209625.4388,,,,,,329017.6563,393133.5938,447446.0938,432868.4063,709902.3125,490178.0625,467091.0209,130829.2019,348629.625,191747.2344,433265.6563,433532.5938,387872.25,359009.4719,99981.41564,POS
708.5759941,17.68467901,DGTSA(16:1/16:1),2007479.125,1220511.875,1688607.125,1273044.125,2866660.75,1459743.875,1752674.479,617907.1286,951162.25,1266056.75,838587.4375,510973.6563,755556.1875,878247.9375,971573.6875,1417701.875,1739258.5,1290742.25,1061986.053,362221.9749,,,,,,3104126.25,2224048,3544243.75,1961830.5,5750207,3191905.75,3296060.208,1346216.731,2488975.5,837214.4375,1726417.75,1681280.875,2098907,1766559.113,613373.0078,POS
736.6069841,19.69212963,DGTSA(16:1/18:1)_A,3165781.25,1703279,1910708.375,1400387.75,3025207.25,1429053.75,2105736.229,790511.9536,1089055,1835769.125,922181.125,742626.1875,939094.125,1102533.625,1070301.25,1907470.875,1306862.25,1311106.625,1222700.019,382448.979,,,,,,3139466.25,3348561.25,2276258,2560424,3116769.25,2550340.75,2831969.917,425299.6985,2081562.25,1342883.25,2197668.25,1133867,3654091.5,2082014.45,991224.0885,POS
736.6072602,20.38225926,DGTSA(16:1/18:1)_B,491768.0938,425373.4063,347614.9688,843317.5625,514890.9688,445026.5,511331.9167,172741.6521,489344.7813,339550.2188,155571.2344,168812.8125,268219.3438,215159.5625,216753.1406,1047469.438,333677.7188,248900.625,348345.8876,264513.3916,,,,,,707239.25,617946.5,627791.375,590779.9375,1127342.375,461139.0313,688706.4115,229276.7272,732809.9375,304197.9375,723266.3125,505809.5625,644745.4375,582165.8375,180010.8534,POS
734.5914932,18.22783333,DGTSA(16:1/18:2),309519.9375,1559282.5,345590.375,473983.2188,321374.3438,62471.60547,512036.9968,530160.3832,495373.125,326116.125,29275.1543,116542.0391,146074.6875,114746.9219,103939.4688,640563.625,196628.8438,118552.8125,228781.2803,197519.0883,,,,,,957433.125,376320.25,1116856.875,359829.3125,638444.5625,159525.2031,601401.5547,373657.143,175538.8281,47798.91406,318583.9063,351343.7813,185204.1406,215693.9141,122186.3589,POS
740.6386294,21.94637037,DGTSA(17:0/17:0),1710767.75,1313533.25,2068946.875,2318676.25,3608911,1563698.75,2097422.313,822582.1372,1364636.875,1792051.375,1739974.125,1562718.5,624304.75,2576885,1619313.5,2766264.5,1465207.75,1802346.75,1731370.313,602460.2508,,,,,,811562.3125,1345409.5,1054865.875,820209,1136399.875,1664289.625,1138789.365,326944.1109,1497859.375,797495.625,1346210.25,1203904.25,1511048.5,1271303.6,293024.2362,POS
768.6696267,23.14659877,DGTSA(17:0/19:0),965908.875,869453.625,1139737,1588304.875,2047343.75,816587.8125,1237889.323,484737.9905,878079.625,1174354.25,779076.625,981025.125,514643.6875,1806675.125,1143868.25,2383454,1205828,1172604.375,1203960.906,534532.6765,,,,,,273038.7188,531772.5625,358251.0625,345313.375,488795.5625,539536.5625,422784.6406,111764.9686,676503.625,368339.5313,638715.8125,869493.5625,623747.75,635360.0563,178855.6398,POS
766.6536686,22.73008025,DGTSA(18:0/18:1),753003,606861.5625,673075.3125,699777.625,1763634,624215.5625,853427.8438,449005.3501,640292.8125,914185.9375,356645.75,498017.125,450629.3125,672250.0625,623573.375,839902.4375,727225.8125,616799.4375,633952.2063,170143.6565,,,,,,811994.875,733451.125,767393.375,550129.0625,1229835.25,765648.125,809741.9688,225140.0741,874307.4375,289092.6875,703326.625,563771.8125,753537.9375,636807.3,223995.9887,POS
764.6383558,21.78033951,DGTSA(18:0/18:2);DGTSA(18:1/18:1),631456.6875,2308828.5,3133007.75,939422.9375,1721205.125,311153.5,1507512.417,1081802.299,2385325.75,985874.6875,345844.4375,467504.7813,473604.0625,461248.8438,636694.125,894039.625,1580563.375,822184.5625,905288.425,634238.9319,,,,,,2445582.75,869759.0625,2234994.25,1110797.625,4445780.5,933672.0625,2006764.375,1374082.582,1773014.25,883118.3125,1205990.25,1056513.25,1010271.188,1185781.45,347983.4232,POS
764.6383641,21.40531481,DGTSA(18:1/18:1),6463565.5,5067412.5,7194540.5,5979712.5,16500000,4877834,7680510.833,4406279.782,7220273.5,7308575.5,6927130.5,4657392.5,4831205,7816737.5,6955429,7375684.5,7492061.5,8091269,6867575.85,1174182.809,,,,,,4742473.5,6774378.5,6004423.5,4192885.5,8573350,5227316,5919137.833,1589129.069,5824740.5,2352958.5,6108946,5596890,6377238.5,5252154.7,1647114.175,POS
762.622425,20.1948642,DGTSA(18:1/18:2),869001.3125,2605018.5,1341699.25,1320107.25,1097534.625,221569.2656,1242488.367,784236.6776,616360.5625,941698.5625,189901.5781,631810,500771.2813,388556.4375,415422.6875,1892785.625,520042.0625,505778.5938,660312.7391,474345.2824,,,,,,3108932,1777029.875,1959285.875,824551.0625,2562369.5,868583.25,1850125.26,908226.0064,946836.625,348428.5313,1354202.125,931634.6875,902110.6875,896642.5313,358354.9813,POS
754.6540207,22.90151852,DGTSA(35:0),1432265.125,827412.625,1461674.875,1193712,2616696,929510.875,1410211.917,644412.8092,1324700.125,1740536.625,1415796.75,1287380.875,573832.875,1718545.125,1538054,2866760,1038901.625,1534402.875,1503891.088,589685.1681,,,,,,463385.5938,722876.5625,468906.625,476272.1563,776453.6875,879939.875,631305.75,184324.7869,1002072.188,466368,961644.4375,1026026.313,985241.625,888270.5127,237021.2762,POS
696.5398198,17.35640123,HexCer(d18:2/16:1)_A,254320.6094,367965.7813,384025.4063,703252.1875,468048.6563,298839.875,412742.086,160222.0827,291518.125,472683.4688,200957.3281,276967.2813,276366.9688,504413.9688,231565.0781,277438.4375,362010.2813,335010.0625,322893.1,98656.2338,,,,,,1019944.75,681907.0625,820460.5,1211011.875,1319818.875,886796.125,989989.8646,242008.0026,556015.6875,337571.2813,570766.375,289902.8125,660655.875,482982.4063,160492.8905,POS
696.539726,17.5325679,HexCer(d18:2/16:1)_B,150870.5156,220862.5625,242090.6875,358097.6563,279903.4375,154203.0156,234337.9792,78769.0166,199813.0313,322089.9063,178530.3438,137901.7969,193931.9063,335006.9063,170330.2344,162561.7188,223547.6563,207191.6719,213090.5172,65541.6029,,,,,,849148.8125,533567.5625,674160.875,1000477.563,1011652,628502.8125,782918.2709,200940.6528,413159.3125,336488.4375,431256.3125,275927.8438,436558.1875,378678.0188,70073.37181,POS
724.570943,19.27141975,HexCer(d18:2/18:1),50144.41797,100802.5156,310997.7188,613244.9375,199494.3281,82637.59375,226220.252,212149.8945,133358.625,352355.125,66597.8125,172575.6719,383604.125,766077.75,40630.16797,367243.9063,252055,42516.58203,257701.4766,223094.7237,,,,,,207800,305929.4375,115351.2188,199608.4688,1035542,182407.0313,341106.3594,345664.9747,484796.6563,214852.9375,139249.7969,211792.7969,124152.3438,234968.9063,145600.6073,POS
696.5396339,17.09488889,HexCer(d34:3),324940.4688,295691.5938,962489.375,799288.25,721970.0625,266955.625,561889.2292,302144.4595,397523.25,300026.125,116827.4375,209731.1875,103923.6953,122267.8281,191127.8438,585780.875,303202.4063,144496.0781,247490.6727,153256.9951,,,,,,462287.4688,298715.9688,493537.875,240650.0625,604516.4375,235586.0313,389215.6407,152604.7393,338129.375,225360.8281,166645.3281,433466.5313,202382.5625,273196.925,110180.2826,POS
522.3547719,7.618621605,PC(0:0/18:1),144911.8594,58185.96094,89727.02344,137191.875,637028.5625,563919.9375,271827.5365,257576.1752,65188.80078,481210.375,148351.7656,69607.99219,79620.0625,545806.375,132902.5938,116132.7813,171335.375,150373.125,196052.9246,171807.6425,,,,,,240457.4844,85855.96875,220179.4844,242421.7188,194065.0625,403095.4063,231012.5209,102357.013,67968.57813,39365.79688,384625.75,46190.55469,297721.5,167174.4359,162127.6965,POS
718.5368961,17.23230247,PC(15:0/16:1),590675.5,447260.4375,495609.875,521155.2813,1356454.125,745741.9375,692816.1927,341263.7074,389735.4688,683304.1875,589616.5,319244.6875,316151.1563,1313515.75,673016.0625,502645.5,310563.625,677677.5625,577547.05,301723.2227,,,,,,483528.6875,334421.0313,734765,504979.0938,712959.9375,759295.0625,588324.8021,172397.9907,352135.2188,89731.07813,685883.625,401769.1875,446007.8438,395105.3906,213475.6157,POS
758.5677837,19.13056173,PC(16:0/18:2),1593974.25,1677472,1661999.75,4696956,3578908.75,2698068,2651229.792,1272190.817,1489101.125,1909552.875,990832.0625,858338.125,533514.8125,2787700.25,1472870.25,1891763,798289.125,1786520.125,1451848.175,677956.0841,,,,,,3370811.75,2630324.25,5368835,5001882.5,3504317,4129931.75,4001017.042,1040379.258,1957278.875,1270877,3270439.25,1624094.125,3852572,2395052.25,1111357.073,POS
730.5370043,16.74606173,PC(16:1/16:1),510672.6875,552626.4375,574224.4375,521991.5938,1589735.875,827147.25,762733.0469,421723.6115,346831.625,712747.8125,477831.375,299646.6875,239462.6406,979958.25,585465.8125,507404.5938,371229.8125,750406.625,527098.5234,232593.0854,,,,,,496522.375,356930.9375,552330.9375,565082.9375,766132.1875,662312.1875,566551.9271,140036.9949,467436.7188,124884.625,634754,433712.6563,466609.125,425479.425,185521.5179,POS
758.5679768,18.80320988,PC(16:1/18:1),2888089.25,1897424,3049456,3143843,7181930,4383355.5,3757349.625,1855374.614,1587435.5,3347052.25,2395724.75,1930036.125,1375410.5,4805993.5,3340634.75,2281214,1977413.625,3870394,2691130.9,1105974.247,,,,,,3023842.25,2152913,2797695.5,3570044.5,3953991.5,3089012.75,3097916.583,623618.4393,2224427.75,820037.75,3396458.75,1804670.25,2427899.25,2134698.75,938523.9049,POS
786.5988442,21.32365432,PC(17:1/19:1),12500000,7555241,9276270,11200000,24800000,10800000,12688585.17,6172514.73,5512095.5,12400000,15800000,9335465,8296768.5,22300000,10400000,11400000,4401828,14100000,11394615.7,5217426.902,,,,,,6699503,6501528.5,9107102,7229123,8556476,9410860,7917432.083,1266169.198,6955852.5,4399335,10500000,7609478.5,9765915,7846116.2,2421652.027,POS
789.6079678,20.69600617,PC(18:1/18:1)_A,461426.625,335436.75,446124.5938,489708.9688,676360.8125,441106.1563,475027.3177,111720.4055,237090.4375,532220.5625,367215.4375,278324.625,185247.8125,1069079.125,474679.9375,319704.7813,225655.7031,548125.4375,423734.3859,260856.5353,,,,,,360435.4375,350391.0938,348614.9063,474495.5938,382524.4063,541384.5,409640.9896,79942.10488,350509.9063,215676.7344,433029.6875,293001.5,504718.3125,359387.2281,113669.382,POS
789.6083284,20.8069321,PC(18:1/18:1)_B,183877.2656,142040.625,203254.1406,209741.2969,375256.4375,312099.5938,237711.5599,87718.73383,92949.6875,262101.9219,139907.1094,135145.0469,85216.53125,573162.3125,222092.0469,229962.3281,110308.0313,326816.8438,217766.186,148292.3846,,,,,,360435.4375,350391.0938,290419.5938,474495.5938,224994.7969,541384.5,373686.836,116658.4411,350509.9063,215676.7344,420576.625,232337.0625,504718.3125,344763.7281,123155.684,POS
784.583432,19.35933333,PC(18:1/18:2)_A,2111168,1679265.875,1482087.125,6190864.5,2788365,1921090.125,2695473.438,1770449.323,948446.5625,1715072,1169488.125,1121339.375,809791.5,1916497.5,1543120.625,2400006.25,537260.3125,1223202,1338422.425,558492.9542,,,,,,3437406.75,3826672.5,5085937,3775093.75,3969652.75,5268459.5,4227203.708,758495.4693,3244961,1880752.125,3588305,2053631.375,3704819,2894493.7,865382.859,POS
784.5832502,19.88801852,PC(18:1/18:2)_B,4007664,2706308.75,2384944,3052909,3910298.75,2352313,3069072.917,735153.0983,2063346.125,4421939.5,5617102,3261339.5,973742.3125,14500000,3057365.5,2148959.75,845703.8125,4530953.5,4142045.2,3955898.163,,,,,,1008558.063,1001447.063,888892.9375,1328186,1003337.688,1689738.5,1153360.042,301582.721,2042908.625,1325659.875,2765288,2372690,2791674,2259644.1,606385.138,POS
800.6142969,21.37197531,PC(18:1/19:1),5196994.5,5459569,6648454,10800000,9942824,10100000,8024640.25,2536068.94,3085642,7080432.5,6549864.5,3519168.25,2842815,11700000,6524459.5,6877157.5,3576199,8345722,6010146.025,2808640.791,,,,,,4419727.5,3298394,3837680.75,5525758.5,5455669,4471952,4501530.292,878091.5465,3614399.5,2181103.75,7923912.5,4982720.5,6404071,5021241.45,2257475.752,POS
808.5835942,19.04258025,PC(18:1/20:4),261972.1094,226295.4688,280916.3125,521622.7188,739855.5625,541252.6875,428652.4766,204316.5738,262161.875,266517.5313,214687.9063,246479.5625,166186.9688,368149.0625,341631.0625,524502.125,180989.4063,239787.7969,281109.3297,106249.4016,,,,,,593762,521629.75,986632.9375,575149.4375,795987.875,770279.125,707240.1875,175890.2318,766510.1875,189122.9844,522346.4063,378272.5625,579905.75,487231.5781,217116.8439,POS
782.5682294,17.80785802,PC(18:2/18:2),2554511.75,5468353.5,3040416.75,7346255,4606227.5,3072211,4347995.917,1836595.66,3184935,2037135.125,1428578,1664719.125,817835.375,3241000.5,1174954.375,2050988.5,867141.6875,1111681.875,1757896.956,878864.1723,,,,,,5787016.5,3903779.5,11600000,8246584,7338560.5,6007553.5,7147249,2635957.575,5477220,1553046.625,4107514.5,4064767.75,4645027,3969515.175,1466025.851,POS
536.370783,8.517906173,PC(19:1/0:0),249949.2188,85929.58594,104018.4766,90644.23438,701510,509638.2188,290281.6224,258906.0056,97447.07813,932230,276396.4375,99026.1875,119768.6875,690055.4375,186363.8281,128465.4531,239660.6875,163814.9688,293322.8766,284877.2185,,,,,,63732.625,41839.79688,43807.92578,92439.125,82563.78125,154528.5313,79818.63087,41824.16584,13896.49219,19115.26758,43232.71484,27404.66992,73089.29688,35347.68828,23839.77506,POS
814.6304096,22.66819136,PC(19:1/19:1),38400000,25500000,36100000,40700000,5.70E+07,36100000,38966666.67,10259759.58,22100000,42200000,39100000,31800000,17300000,5.80E+07,38300000,44500000,1.70E+07,4.60E+07,35630000,13456766.16,,,,,,25700000,26700000,30800000,31800000,22100000,33200000,28383333.33,4248019.146,26500000,20400000,34700000,3.40E+07,35100000,30140000,6488682.455,POS
830.5683879,17.10780247,PC(20:4/20:4),159711.8125,139195.4063,116639.4141,164504.8438,393709.6563,142787.7344,186091.4779,103116.6547,131373.0313,168474.0469,138967.7188,113738.6016,87210.13281,203668.5156,169864.375,300360.9688,83916.14844,200718.7813,159829.2321,64913.68467,,,,,,522052.4688,157960,753838.6875,336554.9375,595089.125,483927.4063,474903.7709,206952.8383,379094.0938,95579.30469,272549.75,278461.0313,338524.6875,272841.7735,108463.6402,POS
792.7062533,26.60078395,TG(46:2),516163.0938,821815.75,885962.25,800029.125,902757.8125,744006,778455.6719,140952.739,491645.5625,683472.3125,314650.1563,365046.7188,276885.7813,632473.4375,575521.3125,543738.75,467261.2188,408666.875,475936.2125,135346.2476,,,,,,777259.75,460715.375,720916.1875,731998,760570.1875,450169.0625,650271.4271,152272.2685,735182.6875,362244.3438,730784.75,429771.6875,452306.3125,542057.9563,177420.0267,POS
790.690567,26.03788272,TG(46:3),159194.2344,434033.7188,705256.125,477100.9688,312354.3125,445926.9063,422311.0443,181700.8107,225630.4219,259074.1094,146431.2031,166188.5625,121750.4453,316049.7813,234265.7188,261919.5625,219986.875,254295.6094,220559.2289,59515.52918,,,,,,275086.8438,186002.875,234774.0156,302351.2188,130576.2031,130360.2344,209858.5651,72945.41859,197394.2344,162596.9375,255821.8906,130129.8438,201126.0469,189413.7906,47022.94688,POS
808.7377883,27.37452469,TG(47:1),252086.7344,256816.2813,366098.4375,605531.25,939333.75,451449.1563,478552.6016,261639.8916,405666.625,435883.6875,314549.1563,269702.0313,263160.5625,549924.75,459237.3438,538520.8125,401325.2188,312778.7813,395074.8969,103744.0379,,,,,,296190.9688,396757.2813,372524.0313,439623.4375,641274.4375,221638.6875,394668.1407,143504.2268,477797.4063,332154.4375,387753.6563,351914.9688,343417.0313,378607.5,59226.33918,POS
806.7219195,26.83533951,TG(47:2),364574.625,450308.2813,938772.875,817181.125,1129122.5,748449.0625,741401.4115,290451.0316,742649.75,760495.0625,403418.1563,570084.5,383528.2813,789820.375,661913.3125,720843.9375,692677.625,620791.75,634622.275,142987.8354,,,,,,842787,539314.6875,798707.3125,1089923,1026457.5,367603.8125,777465.5521,278943.4461,930876.9375,387481.375,875390.3125,618484.125,501445.0938,662735.5688,234978.4631,POS
804.7065848,26.30774691,TG(47:3),96039.35156,184601.0938,315986.625,258086.7969,272596.5,307157.9063,239078.0456,84216.88987,167969.0156,231673.6719,121372.6641,136810.5625,95059.22656,253674.6406,170442.75,157942.8594,186091.0469,145989.3438,166702.5781,48032.12169,,,,,,266984.2188,176986.8438,242102.1406,323961.125,315504.25,169548.8438,249181.237,66198.46211,270611.5313,94740.21875,275151.5313,133737.5938,164181.9844,187684.5719,81591.4371,POS
824.7687572,28.15735802,TG(48:0),376163.7188,425268.8438,501971.5,528876.875,1625344.125,669034.125,687776.5313,470142.4703,701982.1875,712219.25,548388.8125,450710.625,666363.5625,894036.8125,454615.1875,475337.7813,376261.5625,482725.9688,576264.175,161128.6352,,,,,,448973.4063,275515.0313,549271.0625,697349.375,553099.25,176392.9531,450100.1797,193376.6928,542004.5,335930.5,365435.5313,443364.8438,342280.1875,405803.1125,87333.53767,POS
822.7531972,27.65147531,TG(48:1),2796699.75,3349523.25,2305825.25,2950779.75,4679440,2125535,3034633.833,919326.8674,2649268,2139368,1969706.875,1617029.75,1997645.625,1873165.375,2455199.5,1784647.25,1706389.375,1237638.625,1943005.838,407315.1848,,,,,,2371441.5,1687553.375,3611761.25,2659454.75,2141004.75,1621381.375,2348766.167,735071.9617,2803463,1425468,3154646,1078640.25,2032564.5,2098956.35,881738.2883,POS
820.7375502,27.14659259,TG(48:2),4785168,11300000,5601660,5530543,4763574,4187452.5,6028066.25,2636445.821,5486701,16700000,2231211.75,4579038,6153248,2848664.25,3496161.75,2193055.75,3198789.25,2290864.25,4917773.4,4366350.265,,,,,,4361434.5,5590887.5,6773678.5,4981108,3504248.75,2611310.25,4637111.25,1487023.021,5325321.5,2509958.75,6344133,1831306.75,4501156,4102375.2,1895629.438,POS
818.7220324,26.58125309,TG(48:3),1972581.5,6077426,5352113,4686346,2915847.75,3378352.75,4063777.833,1566067.092,3672575.25,11300000,1243264.625,4208620,3351220.25,3597509.5,3000507,2200810.5,2999885.25,2127299,3770169.138,2785644.118,,,,,,3968230.75,5737350.5,3528615,6412046.5,2466965,1809522,3987121.625,1800386.805,3536885,2763569.5,3706864.25,1954718.375,3098470.25,3012101.475,697384.3613,POS
836.7685423,27.85374074,TG(49:1),351708.8438,333590,454793.5938,1616118.375,960795.0625,567163.75,714028.2709,497883.6924,482391.0625,595972.6875,371355.625,356276,386173.625,572764.5,481493.4063,672371.625,513555,408007.2188,484036.075,106003.3138,,,,,,328137.9375,501318.3125,400644.8438,531660.75,768146.1875,325196.5938,475850.7709,166956.0743,589081.8125,460963.3438,437704.125,488870.875,397264.9063,474777.0125,72176.11672,POS
834.7535027,27.27830247,TG(49:2),334048.875,395606.25,861148.125,858931.625,1433730.875,544054.875,737920.1042,407886.2669,1058490,868316.4375,566423.1875,752889.25,465226.0625,851297.25,683211.625,718162.375,824633.6875,685254.9375,747390.4813,166466.3188,,,,,,622720.375,415874.9375,495627.75,712896.5,688181.0625,424942.9688,560040.599,131831.5455,873240.5,400223.8438,789126.75,851879.3125,621888.375,707271.7563,197943.1431,POS
850.7842494,28.13057407,TG(50:1),637605.125,696763.0625,760491.75,2704878.75,1701464,1552820.75,1342337.24,810154.5841,907911.5,1476702,643591.9375,676224.6875,1093425.625,693947.75,723589.0625,1437473.75,574456.25,639250.5,886657.3063,336737.1027,,,,,,563739.6875,1321694,955709.75,1079252.375,953975.8125,351562.6875,870989.0521,353490.8432,776708.4375,816492.5625,1092211.5,952612.5,938795.75,915364.15,124712.1306,POS
848.7686635,27.65435185,TG(50:2),3580471,5350877,3764576.5,7759045,4185281,3665669.5,4717653.333,1627431.404,1800414.25,9121460,1852474.5,2564147,3183069.75,3086260,2484282.25,3154495.25,2899442.25,2401154.25,3254719.95,2120501.921,,,,,,2035937.75,4269993.5,3034587.5,2445575.75,2394132.75,1597102.375,2629554.938,934098.6737,2578737.75,2448740.25,3471933,2831506.25,2903498.25,2846883.1,395141.9865,POS
846.7530372,27.19890123,TG(50:3),3000870,4181662,3229440.75,7073091,2301910.5,4718459,4084238.875,1698589.17,1174624.375,6086957,1289504.625,2378345,1556146.125,4110492,2232121.25,2048886.125,1911980.75,2505052.5,2529410.975,1498144.391,,,,,,1513769,4584032.5,2176130.25,2293044.25,1339177.625,1260266.75,2194403.396,1248012.56,2544290.25,2047087.125,2110168.5,2006494.5,1835459.375,2108699.95,263933.5012,POS
844.7374487,26.77254938,TG(50:4),705313.4375,673559.4375,628366.0625,1369927.625,707216.1875,1625872.5,951709.2083,431696.3252,354015.4688,2031100,292683.1875,435764.4688,380227.0625,801682.3125,518463.9375,652574.0625,519632.6875,506947.25,649309.0438,507626.7761,,,,,,384278.6563,1151467.125,482469.25,435043.2188,352142.9375,291332.9375,516122.3542,318173.4203,746776.25,532294.3125,442798.1563,303822.6563,312601.2813,467658.5313,182748.0972,POS
864.800106,28.28401235,TG(51:1),312992.0313,249811.4219,305211.9688,868599.375,613841.5625,386556.5313,456168.8151,239029.9005,239092.0938,464230.4063,264862.4375,226391.1719,293194.3125,451570.2813,310484.8438,471827.6563,356800.3438,309972.3438,338842.5891,93230.36562,,,,,,199135.5313,355577.1875,282661.875,316868.5625,490966.5,228272.2969,312246.9922,104461.2449,366785.4375,409713.875,268159.2188,355763,314654.4688,343015.2,53814.47955,POS
862.7843515,27.89698765,TG(51:2),1402738.25,824385.5,988314,3489971.75,1879484,1008505.688,1598899.865,1001460.193,671047.0625,1375036.5,764373,781667.4375,699740.875,1173472.25,808496.0625,1305553.25,913528.3125,764244,925715.875,260387.1572,,,,,,795478.1875,1371714.5,953360.4375,799082.25,1377860.25,913287.8125,1035130.573,270346.6151,1129766.625,1110624,966774.625,813351.5,988696,1001842.55,127602.351,POS
858.7531135,27.05788889,TG(51:4),394102.0625,371318.8125,383654.125,1094145.25,483400.25,1552180.375,713133.4792,495806.8123,268087.9688,432155.3125,248502.2813,332141.5625,279558.5938,371952.8438,387378.4688,547827.375,284462.7188,289093.125,344116.025,92924.75884,,,,,,293620.5313,420917.9688,338810.0625,390929.4688,899580.3125,282800.7813,437776.5209,232522.854,624807.1875,361375.5313,562512,485670.3438,403986,487670.2125,108817.7794,POS
878.8164862,28.56917284,TG(52:1),992768.75,476142.8125,781445.4375,1452334.875,1093347.375,829589.0625,937604.7188,329012.5144,631381.9375,884930.1875,494860.5938,448645.0625,477106.5313,854973.25,772722.0625,488231.1563,512229.4375,579943.625,614502.3844,164848.3263,,,,,,367023.75,904011.5,805206.3125,1281963,634614.6875,444003.5625,739470.4688,335471.3354,430681.2813,1407222.5,898732.375,449953.8438,818426.25,801003.25,399290.1101,POS
876.7999598,28.13057407,TG(52:2),7076868.5,7925672,7736069.5,12500000,1.10E+07,8118538.5,9059524.75,2165910.937,5323376.5,13800000,6144004,6287255,6160698.5,7441095.5,7460103.5,6521929.5,7200656.5,5952070,7229118.9,2409345.357,,,,,,6221901.5,8770491,7115658.5,6512872,5115162.5,5260993.5,6499513.167,1346445.678,4988235,8264082.5,10300000,6248809.5,7593659,7478957.2,2018961.438,POS
874.7842468,27.71491358,TG(52:3),8947282,7078269,8181614,12900000,8171369,9734792,9168887.667,2031304.764,4381744,11500000,5837126,6587645,5040853,7368598,7527647.5,6604795,5896716.5,6469480.5,6721460.55,1936753.887,,,,,,5381937.5,10500000,7324005,5419674.5,4924376,5243235.5,6465538.083,2151793.365,5336416.5,7317082,8641154,6081904.5,7285896.5,6932490.7,1271149.69,POS
872.7685817,27.29931481,TG(52:4),6365373.5,4573939.5,5297890,8570197,3752274.5,11400000,6659945.75,2858850.013,2783291.75,7323358.5,2977666.75,5285476.5,2765206,4887655.5,5205003.5,3953924.25,3445957.5,5005355.5,4363289.575,1452485.239,,,,,,3519799.25,5776528.5,5304885.5,3941115.25,4712752,6959717,5035799.583,1258848.309,4735265,5654047,5809412.5,3319757.75,4334260.5,4770548.55,1019337.279,POS
870.7530482,26.85896296,TG(52:5),1480333.75,1165153.875,1838669.75,1908070.75,695251.375,6153397,2206812.75,1984839.844,536547.125,1785252.25,544953.5,901215.9375,605199.3125,888230.25,882193.5,690639.0625,662521.125,1205199.25,870195.1313,382053.4541,,,,,,761947.5,1394792.75,1144393.25,634027.9375,680405.8125,797398.6875,902160.9896,301020.9874,867205.75,840453.5,860823.5,549673.875,608683.625,745368.05,153455.5889,POS
892.8316601,28.67714815,TG(53:1),218819.6563,161653.4375,179507.875,499445.2188,337964.125,224152.0938,270257.0677,127994.605,129595.8203,264619.6563,164793.8125,130593.2109,189628.5,307768.7188,146290.5625,234157.9063,241266.3438,158685.5156,196740.0047,61703.48412,,,,,,84763.63281,158980.0313,116504.3594,139290.5,212614.5625,134922,141179.181,43021.30712,167062.8594,445802,135182.6563,183758.2344,200159.4063,226393.0313,124985.6255,POS
890.8157783,28.3350679,TG(53:2),869639.8125,579932.1875,536234.25,1435507.5,871847.625,559918.5625,808846.6563,343235.5742,410767.6563,727099.8125,438858.7813,474347.5,534299.5625,711143.5625,456270.5625,796883.25,520608.0625,418416.8125,548869.5563,142572.0873,,,,,,537147,810858.875,599301.875,596654.3125,880629.125,674736.25,683221.2396,135060.8828,671259.75,834930.9375,636525.875,586294.75,631173.375,672036.9375,95939.62721,POS
888.7999888,27.94254938,TG(53:3),1417700.25,768203,803457.6875,2252622.25,1304554.625,864052.375,1235098.365,568419.31,663838.0625,1087814.25,702986.375,825242.5,681407.75,1048248.75,802117.3125,1202580.625,659619,655726.5,832958.1125,205169.9689,,,,,,841822.125,1266403.25,1102696.75,983784.375,1232008.75,1188472,1102531.208,163140.6531,1123959.75,1206907.625,1084575.375,901554.4375,1033994.625,1070198.363,113509.7923,POS
886.7844952,27.53306173,TG(53:4),658486.0625,528631.6875,575584.375,1429307.375,784822.8125,889133.9375,810994.375,330909.9722,509643.3125,818346.625,580218.8125,620718.8125,483599.8438,739279.9375,688233.125,904578.5,349217.875,555877.125,624971.3969,166254.1509,,,,,,584437,802664.0625,806852.4375,910601.75,1068992.125,799446.625,828832.3333,158822.8296,1228275.875,876068.5625,1190933.25,985105.4375,933455.1875,1042767.663,157661.8831,POS
884.7687325,27.07824074,TG(53:5),286262.875,278559.2813,351642.0313,590541.375,322366.5625,706499.125,422645.2084,180676.6847,265065.0938,341805.7188,312762.6875,285462.5,232795,331256.75,485495.25,525832.8125,150359.8125,258152.4219,318898.8047,112948.6568,,,,,,271301.0625,413695.2188,356212.5313,380385.875,693096.4375,383318.6875,416334.9688,143969.3248,688357.875,479587,708873.5625,624794.875,527057.375,605734.1375,99913.54758,POS
882.7528498,26.62097531,TG(53:6),120519.7813,128428.9219,247980.8906,148539.7188,130574.9688,421947.7188,199665.3334,118717.9882,213163.0938,130417.6406,238961.5313,232228.2344,147264.875,219211.1875,398793.0938,377581.375,70510.00781,156272.4063,218440.3446,103845.4146,,,,,,158314.9219,220571.2031,249202.0156,520225.9063,1374584.625,333131.2813,476004.9922,457695.6925,1069869.75,210909.0625,964441.75,843412.25,497560.75,717238.7125,355670.4492,POS
906.8470854,29.00929012,TG(54:1),1006801.625,204194.6719,515371.4375,430516.625,445348.4063,292820.625,482508.8985,280530.6964,489367.5313,558088.625,316957.2188,205840.0938,206657.9844,608117.875,513265.7813,304077.5313,173059.2969,283787.6875,365921.9625,161138.8089,,,,,,256537.7344,380450.1563,720954.3125,1049738.625,381483.625,251723.5156,506814.6615,316230.3306,201186.3281,896502.875,382845.0625,243313.6094,438917.7188,432553.1188,277084.3549,POS
904.8322047,28.56303086,TG(54:2),3688897,3626987.75,4386669.5,4609018,3757361,2268191.25,3722854.083,818964.6534,2074363.375,4232523.5,2000115.375,1982953.625,1707632.875,3148005,3899485.25,1508272,3515962.5,2499543,2656885.65,970447.4499,,,,,,2555404.25,3914965.5,2751865,3470832.75,2332872.5,4042484,3178070.667,729336.5096,1648812.375,4839684.5,4557917.5,1677433,3294973.5,3203764.175,1521992.743,POS
902.8153365,28.12506173,TG(54:3),15700000,1.70E+07,15900000,19400000,19500000,11200000,16450000,3057286.378,10600000,2.10E+07,13500000,15200000,8901567,2.20E+07,19600000,8774612,16300000,12700000,14857617.9,4836592.168,,,,,,14100000,15300000,13500000,13300000,10100000,16500000,13800000,2175316.069,9949367,18200000,19300000,9803016,1.40E+07,14250476.6,4456416.996,POS
900.799543,27.73277778,TG(54:4),14400000,12800000,15300000,14700000,1.30E+07,11500000,13616666.67,1424663.703,7369224,17400000,11100000,11900000,7106944,17700000,18800000,9047863,11300000,12900000,12462403.1,4242287.512,,,,,,11100000,9473254,11400000,10700000,9532285,12700000,10817589.83,1219467.085,9385693,14600000,13600000,7664271.5,9923582,11034709.3,2941331.491,POS
898.784124,27.31069753,TG(54:5),10500000,1.20E+07,14300000,12700000,7681469,11900000,11513578.17,2248113.556,5563328,13500000,6479883.5,9845162,5056298,12400000,14100000,6930806.5,8080643.5,11500000,9345612.15,3373608.131,,,,,,8061825,8504571,8947594,7005635.5,8451146,1.00E+07,8495128.583,987697.14,8127774.5,11400000,10500000,6662034.5,9162887,9170539.2,1878694.632,POS
896.7684625,26.86974691,TG(54:6),8235898,1.20E+07,15200000,8226856,5418310.5,14100000,10530177.42,3831747.529,4538977,8382348,4103558,8670893,3014728.75,8438109,8161011,5422874,4836413,11200000,6676891.175,2629146.732,,,,,,4753699,5872962.5,7285704.5,6315749,6724790.5,14200000,7525484.25,3380084.209,7212377,10100000,8889060,5595870,6093496.5,7578160.7,1893781.426,POS
894.7529071,26.47407407,TG(54:7),678114.875,787552.3125,662164.125,730644.5625,458139.5,1264879.75,763582.5208,269757.0093,362354.7188,476523.5,405770.4688,726314.5,228372.1563,637153.3125,602278.25,342792.9063,544906.875,528607.5,485507.4188,152058.8781,,,,,,722456.125,422873.0938,849957.4375,493083.125,673064.5,455435.9063,602811.6979,171154.402,607708,642792.625,689155.5625,366538.3125,515442.4688,564327.3938,127603.8771,POS
916.8308971,28.39825309,TG(55:3),428815.8125,275169.5,213328.5781,473824.375,364174.1563,270529.625,337640.3412,101412.987,171258.6875,364057.8125,231385.7656,238255.7344,209184.4844,300570.875,274697.25,371178.7188,189172.8438,305819.0938,265558.1266,69607.24202,,,,,,217860.9688,415519.0625,393707.7813,268133.3438,288332.375,291166.5313,312453.3438,76382.9239,360374.1563,334799.4688,331428.4063,276802.8125,258865.5313,312454.075,42715.3971,POS
934.8780707,29.45059259,TG(56:1),181917.5156,94239.59375,113307.6484,93279.69531,158154.5938,106143.2422,124507.0482,36829.44851,91093.78906,141719.2656,84075.07813,85557.96875,99691.35938,120260.6172,109718.7188,110960.4141,68673.84375,87034.75,99878.58048,21230.07172,,,,,,86674.04688,105320.4219,124501.5547,147599.2188,120064.9219,85376.57813,111589.4571,24010.21532,71194.24219,130580.5781,142885.3906,73287.66406,101226.9453,103834.9641,32579.21004,POS
932.8629173,28.98612963,TG(56:2),771379.375,458202.6563,558849.125,702891.5625,505529.5,404443.9688,566882.6979,143069.0376,356922.2188,983714.4375,212860.8906,314353.3125,339366.375,362056.3125,629126.25,298167.25,558085.5,275207.2813,432985.9828,231565.4565,,,,,,365556.0938,474634.6875,444250.7813,422558.9375,354349.7813,533765.25,432519.2552,67610.39767,275508.0313,473244.0625,590542.9375,244055.6094,432981.5625,403266.4406,143633.7724,POS
930.84698,28.5340679,TG(56:3),745075.625,802543.5,741884.5625,1339710.625,610083.625,925206.25,860750.6979,255847.2474,349634.2188,1019543,331650.4063,561339.25,309494.2813,678974.0625,1252304.125,199159.5469,915360.25,593488.375,621094.7516,347059.7659,,,,,,364155.0625,505886.4063,361199.125,311202.4063,461094.6563,562059.125,427599.4636,97275.5322,284254.4063,454596.125,777497.0625,265623.875,461480.3438,448690.3625,205465.8306,POS
926.8149698,27.78669136,TG(56:5),366722.9688,461119.25,468806.375,703216.3125,347764.3438,1646718.875,665724.6875,496970.066,194554.7188,868589.5,202754.3281,487486.1563,432533.5938,930436.5625,777232.9375,368141.75,429861.1875,1582793,627438.3735,423830.8649,,,,,,237109,251397.7656,233462.2031,228702.9063,306778.1563,255628.5313,252179.7604,28712.81184,231287.0313,374501.1875,359067.125,291651,274594.0625,306220.0813,59754.80037,POS
924.7997502,27.35626543,TG(56:6)_A,714873.125,698775.8125,593802.1875,814618.5625,233387.3281,1785447.375,806817.3984,520019.5667,132895.2188,1126117.5,140010.7969,616542.4375,534546.1875,948650.375,869535.625,335069.0625,729105.1875,2647443.5,807991.5891,726606.8312,,,,,,226718.9844,238033.8281,202797.2188,149610.25,270111.2813,477418.5,260781.6771,113505.568,162816.2813,430495.5625,242730.6563,185192.375,281103.9688,260467.7688,105891.5795,POS
924.7995681,27.57823457,TG(56:6)_B,350168.9375,733813.9375,600133.5625,662722.75,561273.9375,552998.3125,576851.9063,130191.9751,433815.7188,640684.75,250007.9063,378046.9063,261668.2813,540149.3125,396927.9375,472239.6563,357391.1563,363552.0313,409448.3657,119400.8048,,,,,,320725.1563,507533.6563,395766.875,336298.75,341875.1563,281739.7813,363989.8959,79381.82142,403155.2813,496728.5313,385160.875,322521.5625,343667.6875,390246.7875,67615.04296,POS
922.7841174,27.19807407,TG(56:7),251481.7188,542151.5,524614.75,575289.4375,538113.0625,496556.1875,488034.4427,118674.2503,413610.6875,516107.0938,260705.3125,268391.8125,214354.1406,477885.7188,412197.0625,450897.5313,301511.4688,278032.7813,359369.361,106315.691,,,,,,345097.4688,498093.4375,321531.2188,354373.9063,359068.5,330664.6563,368138.198,65218.75721,352987.6875,433961.8438,362291.4063,255637.5,291496.6875,339275.025,68850.18101,POS
920.7682201,27.00567901,TG(56:8),90399.24219,136503.3438,1461526.875,118372.1484,176749.7188,130865.8594,352402.8646,544080.4389,173456.6563,459897.3438,72818.53125,160462.4219,198210.7656,147204.8438,579818.5,154696.0313,271715.1563,130801.2109,234908.1461,160845.1105,,,,,,79360.70313,99353.42969,100816.9766,80652.24219,96237.88281,58271.40234,85782.10613,16394.75625,240325.6563,106640.3359,120381.0859,80811.36719,101424.9922,129916.6875,63336.33597,POS
962.9091483,29.94889506,TG(58:1),98100.40625,51743.25391,83383.5,81131.24219,113155.875,55835.70703,80558.33073,23749.31953,52518.1875,94012.71094,42965.02734,44094.57813,58779.12891,68047.48438,54539.09766,46443.84375,58258.04688,50840.57813,57049.86836,15039.77971,,,,,,27940.57813,35459.48047,59593.42578,70929.51563,56388.73828,53386.07031,50616.30143,15988.28151,38835.05469,70045.11719,72763.60938,39144.42188,67046.75,57566.99063,17079.10394,POS
942.7526292,26.18912346,TG(58:11),115591.9609,224309.5156,432916.6563,150170.2031,359887.0625,117645.3281,233420.1211,134233.8145,131798.6094,2178402,89331.53125,123119.5234,106237.7891,139029.8438,170341.9375,113909.2188,134396.9063,99895.11719,328646.2477,650342.6566,,,,,,162187.0625,199128.6406,83158.17188,103946.9688,152698.6406,228056.7813,154862.7109,54971.13335,206725.6406,103519.8125,136246.6094,54873.71094,94285.10938,119130.1766,56911.75581,POS
960.8934374,29.43447531,TG(58:2),510634.25,313024.0938,422992.4063,342542.6563,381529.5,218345.5938,364844.75,99557.89842,202176.375,540962.625,188879.3438,232487.25,171247.8281,268576.7813,456311.4375,222222.3125,320992.9063,234360.2344,283821.7094,122346.1867,,,,,,298535.75,303748.5938,308818.4063,215946.0469,222197.7344,477365.5938,304435.3542,94395.69853,150900.3125,274449.9375,400323.5313,156060.2656,301606.9375,256668.1969,105215.6559,POS
958.8780462,28.98962346,TG(58:3),364480.9688,200131.875,213818.9844,320977.7188,224658.5625,209994.7344,255677.1407,69265.94364,134491.9219,451761.5313,100521.8906,174114.8438,103702.2266,182089.7813,393936.125,116916.9453,299277.9063,162981.9688,211979.5141,125671.7567,,,,,,134019.6719,170462.9844,164663.6719,94741.17969,169866.8125,161070.0469,149137.3945,29851.08628,112358.8516,151199.2031,216896.0156,106089.2422,155733.9375,148455.45,44278.87634,POS
946.7838118,27.00716667,TG(58:9),146347.3906,310181.6875,435680.6875,239955.9219,310657.9688,220148.7188,277162.0625,99083.52284,250010.1406,319264.3438,172322.0469,291707.3438,175792.0938,336013.625,310188.7188,211279.5781,156249.625,197257.4375,242008.4953,67929.94395,,,,,,156686.7031,184513.9688,161761.7344,150482.0938,157155.0313,112180.4844,153796.6693,23535.1605,226785.6094,192854.0156,244251.2031,155699.5938,193805.2031,202679.125,34248.05062,POS
974.9089837,29.68583951,TG(59:2),124418.9063,84309.875,83731.94531,90318.65625,111610.3203,65547.625,93322.88803,21237.24917,49643.66016,116421.6953,86115.39063,69593.16406,67258.15625,74535.85938,82981.53906,76416.48438,60688.27734,50523.14844,73417.7375,19482.91469,,,,,,66842.26563,82089.14063,97315.17188,58892.00781,65667.70313,143935.25,85790.25651,31669.61161,45044.01172,90657.86719,101389.4375,60363.92969,93168.91406,78124.83203,24157.98815,POS
972.8933173,29.23854938,TG(59:3),95238.65625,80828.91406,69660.1875,93515.50781,98167.11719,81473.23438,86480.60287,10979.15937,50936.94141,100354.1719,53712.30859,69893.96875,42886.10547,69842.66406,88325.35156,60034.10938,51559.10547,63613.16406,65115.78907,17834.7498,,,,,,48155.45313,56654.64453,66936.07031,50366.375,58182.26953,53169.72656,55577.42318,6708.23614,54208.62891,58473.83594,87856.75,41605.37109,78856.4375,64200.20469,18825.42621,POS
988.9248733,29.92791358,TG(60:2),336902.625,218134.8125,227950.8125,200576.3125,274181.25,123499.6172,230207.5716,71739.75513,127012.2031,360376.0313,152212.125,171174.5938,137091.7344,166099.8281,198517.1563,132203.25,213296.0625,155211.125,181319.411,68767.50618,,,,,,92504.58594,118204.8281,196715.0625,109970.2656,69000.98438,283977.6875,145062.2357,80580.27609,135294.6719,184298.3906,204559.0781,114725.6641,167478.8125,161271.3234,36345.19664,POS
986.9091321,29.43375926,TG(60:3),356213.5625,166639.2031,193138.5156,264235.0313,276026.625,126335.1875,230431.3542,84070.19389,108966.0391,324248.75,100931.1484,153477.6406,92667.60156,159348,197723.25,103490.0859,346022.0938,167550.25,175442.4859,91007.20383,,,,,,90000.67188,106852.6484,138215.8906,70896.71875,82151.99219,97517.11719,97605.83984,23429.57404,107773.7969,120217.9063,205205,84988.30469,122549.2813,128146.8578,45579.27361,POS
538.5200686,21.52641988,Cer(d18:0/16:0),322459.375,506189.5313,623673.375,962928.875,559593.6875,1167566.625,690401.9115,313954.2992,470461.9375,313024.75,169649.2344,379515.7188,222825.7813,927758.0625,498669.7188,1016504,850365.3125,175929.9688,502470.4485,318638.9801,,,,,,576532.5,279998.375,700332.9375,834043.4375,301212.4688,583544.4375,545944.0261,219001.0397,422354.0625,1357036.5,336473.0313,229545.25,660300.125,601141.7938,451379.8603,NEG
536.5042945,20.92346414,Cer(d18:1/16:0),268153.4688,553688.5625,402383.1875,925547.3125,221723.1406,497270.1563,478127.638,253704.5109,197931.4531,185035.4219,147871.8125,326103.875,176128.9531,568878.6875,271813.0938,641118.25,769520.8125,215106.9531,349950.9313,224835.9537,,,,,,339805.9063,307048.4688,205148.8906,486557.0313,373821.3438,208228.9531,320101.7657,106659.7205,167047.3281,957666.6875,198208.6875,210153.9375,484774.0625,403570.1406,335090.7545,NEG
634.4450721,15.97011852,PE(13:0/15:0),175302.5938,154419.5313,352507.4063,1023976.313,243808.3281,520979.5313,411832.284,328813.7906,86218.10938,136710.9063,126869.9375,169699.8125,114232.8594,552471.6875,198507.9688,830348.6875,534848.6875,65442.78906,281535.1445,261597.9551,,,,,,284485.125,258012.5469,311115.3125,542963.9375,282170.0938,93532.86719,295379.9805,144206.2396,141708.9531,325464.0313,191418.1875,167237.9063,229520.0625,211069.8281,71667.28717,NEG
660.4604286,16.42569747,PE(14:0/16:1);PE(15:0/15:1)_A,763876.0625,862390.625,1065740,3553846.25,1151067.5,1255662.875,1442097.219,1050393.113,771472.25,1345854.625,591982.25,551955.6875,618072.8125,2859837.75,1093343.75,3440541.5,2650526.5,343068.9063,1426665.603,1127644.746,,,,,,829271.75,741777.75,1466393.125,1106483.75,1172712.75,509373.5625,971002.1146,343565.6947,792777.1875,1861482.25,832144.1875,665100.75,1426963.25,1115693.525,510097.7114,NEG
660.4605985,17.16508679,PE(14:0/16:1);PE(15:0/15:1)_B,624938.0625,1218765.5,805472.25,3210262,756624.0625,1823919.75,1406663.604,985642.2104,519793.25,615862.3125,507708.2188,468629.4063,379035.0313,1378437.5,950328.875,3962581.25,1769252.875,536124.3125,1108775.303,1100486.937,,,,,,792928.375,477407.75,1170337.25,1459597.75,1328504.5,274189.5625,917160.8646,479534.827,660290.375,1817816.25,636691.75,896111.8125,983658.125,998913.6625,481475.0368,NEG
646.4449375,15.53503086,PE(14:1/15:0);PE(13:0/16:1),85882.15625,93917.96875,174085.6406,555908.5,138825.5938,289883.2188,223083.8464,179021.1223,52942.31641,90724.17969,147541.8594,69099.78125,56494.17188,281421.2813,100031.3438,452514.9063,354829.9688,40697.55859,164629.7367,145782.8601,,,,,,149119.1875,112505.7734,150555.0625,246497.0625,158125.1719,50174.44922,144496.1178,64137.3319,78390,157811.7188,92145.80469,90400.25781,109910.3906,105731.6344,31212.93019,NEG
662.4758868,18.1443466,PE(15:0/15:0),1901904.875,3402755,3064431.5,6385639,2215953.5,2669096,3273296.646,1619308.95,3145687,2514996.25,2228537,1294378.25,2434342,6310889,3225962.75,6079143.5,6387595.5,1901043.875,3552257.513,1949601.586,,,,,,1757523,1706085.25,2375838.75,2790883.5,3242454.25,1275782.375,2191427.854,743000.4635,1560523.125,7257617.5,1845639.625,3060758.25,4271857.5,3599279.2,2310713.288,NEG
676.4917012,19.55419148,PE(15:0/16:0),825805.6875,1134442.875,1165544.375,3374646.75,939753.25,1503568.125,1490626.844,951597.9194,475672.75,673054.5,542933.4375,596485.5,483989.7813,2235903,845826.375,2181566.25,1781163.75,427671.5,1024426.684,737785.5295,,,,,,811165,474372.375,990759.0625,1329534.5,1600895.875,482926.4688,948275.5469,454534.8862,431277.3125,2212641,720710.875,822958,961349,1029787.238,689265.4564,NEG
674.4760329,17.75185858,PE(15:0/16:1)_A,6013531.5,7846755.5,9350284,23500000,8290927.5,10300000,10883583.08,6348655.579,4576566,6219505.5,4199926,4966164.5,4286449.5,18500000,7921954.5,19200000,12300000,3578812.25,8574937.825,5988439.75,,,,,,6742759,4830343.5,9786893,9931640,8657039,3942631.75,7315217.708,2554680.942,4737589,14700000,5277294,5362081,10600000,8135392.8,4375311.82,NEG
674.4760915,18.15051975,PE(15:0/16:1)_B,635267.625,1048510.563,792788,2234967.5,945679.5625,1485155.5,1190394.792,587246.1201,458636.1875,577811.5625,354946.4688,489291.7188,271204.9063,1264924.5,762368.0625,2430774.75,1782254.75,383676.1875,877588.9094,722271.1285,,,,,,893380.9375,397162.6563,1118862.25,1337858.875,1328356.25,488397.3438,927336.3854,410105.4598,475120.7813,1678554.125,687780.5625,537604.625,911934.5,858198.9188,488477.7768,NEG
690.5073408,20.0177663,PE(15:0/17:0),3016998,3015073,3205838,7507928,2112807,2059329.5,3486328.917,2030624.425,1900313.625,2650871.75,1368504.375,1098180.875,2344854.5,9367302,2146598.25,4046429.25,7238709.5,1314066.625,3347583.075,2788983.155,,,,,,1137341.75,1593046.125,2083057.75,2081963.75,3349484.25,1003759.438,1874775.511,853571.71,752550.5,7619732.5,1327057.25,2677603,2610582.5,2997505.15,2713266.01,NEG
688.4915592,18.47577235,PE(15:0/17:1),3273304,4650401.5,4416501.5,12900000,3995395.75,6153607.5,5898201.708,3559595.786,3033502.75,4438059.5,2572240.75,2192114.5,2793055,11700000,5116848.5,11900000,9344472,2018901.5,5510919.45,3951039.001,,,,,,3298484.5,2396070,5240419.5,5077540,5504411.5,2018285.625,3922535.188,1543948.799,2764995.75,8847792,3436308.5,3299709.75,6051985,4880158.2,2557915.532,NEG
688.4915486,19.13338975,PE(15:0/17:1);PE(16:0/16:1),2631304.75,3567378,4305098.5,10600000,2306587.25,5291998.5,4783727.833,3051724.252,1748713.75,1950516,2211823,1675452.125,1540969.875,5647762.5,2463681.75,8536142,6049264.5,1787964.375,3361228.988,2462629.245,,,,,,2448469.25,2368305.5,3618179.5,4614529,4240416.5,1350597.75,3106749.583,1255616.337,1595961,7932212.5,1950933,2309177.5,2937492.25,3345155.25,2611707.748,NEG
704.5231756,20.6435121,PE(15:0/18:0);PE(16:0/17:0),644658.0625,756098.6875,465908.25,2292822.75,209256.7969,177645.9688,757731.7526,786355.8923,622230.375,610336.375,290535.5625,226362.5781,913235.8125,2999900,570314.4375,910104.75,3194003.25,351565.5313,1068858.867,1094579.739,,,,,,95375.14063,257586.8281,180030.0156,279292.2813,610659.0625,119313.375,257042.7839,187923.7037,112711.125,3838064,208662.8281,968255.625,334753.375,1092489.391,1570739.688,NEG
672.4605774,15.87701272,PE(15:1/16:1)_A,284571,424577.25,444417.125,1110127.75,205776.6094,255159.6094,454104.8906,335058.0925,228883.4531,329822.7188,116746.0703,130773.6797,218912.7031,776963.375,350881.8125,639371.625,624141.875,179725.9688,359622.3281,236639.2837,,,,,,191836.9844,240461.7813,321026.8438,294054.6563,499719.8125,114616.5859,276952.7774,131749.3678,159460.3594,593026.125,141031.7656,272915.0938,426258.7813,318538.425,190947.0516,NEG
672.4604655,16.6317784,PE(15:1/16:1)_B,133169.6563,212604.7656,193735.7813,680335,186275.8125,532411,323088.6693,225905.5691,77830.67969,110579.0234,79498.72656,117022.8984,59395.28906,272528.4375,165796.2813,577495.875,235192.3125,87755.10156,178309.4625,157113.8727,,,,,,225074.4219,123522.3828,276608.625,364328.5313,214560.125,57305.22656,210233.2188,108899.755,129274.25,217200.7031,131534.3281,120540.6719,194953.6406,158700.7187,44149.29652,NEG
686.4760261,16.8472284,PE(15:1/17:1),232382.2344,981308.625,863304.9375,2313055,181673.8125,418660.5625,831730.862,796255.1913,753997.375,584041.125,406017.75,134888.8906,447943.0625,1468311.625,561257.5,1398973.625,1680800.25,744198.125,818042.9328,517297.3177,,,,,,148727.0781,359240.4063,223377.4531,324156.875,1756494.125,95109.40625,484517.5573,631177.0607,172949.7188,1066700.375,261028.8594,468164,387469.7188,471262.5344,351697.9503,NEG
704.5229357,21.26679043,PE(16:0/17:0),490760.0313,814593.6875,645223.25,1776539.875,301192.9688,451776.5313,746681.0573,534123.3723,354655.25,964679.6875,446305.0625,214270.7656,489360.1875,1682339.75,573369.8125,886727.75,1767527,475056.875,785429.2141,544376.0052,,,,,,208739.0469,284208.0625,419965.125,539268.6875,1068254,220451.9375,456814.4766,325335.6744,154168.375,2082471,290214.9063,699569.9375,607683.1875,766821.4813,768648.0142,NEG
702.5072948,20.40635148,PE(16:0/17:1),2477375.5,2572419.5,3369928.75,11700000,1879713,4598306,4432957.125,3681636.512,1442188.625,2066492.5,1480731.5,1478069.25,1696581.875,5460302,2001795,7934169.5,6405049.5,1505979,3147135.875,2463670.71,,,,,,2225514,1745658.75,2638949.75,6189980.5,4086513.25,1347702.75,3039053.167,1810026.506,1498897.25,7118671.5,1992469.75,2399905,3025015.75,3206991.85,2257121.688,NEG
716.5229047,20.97188895,PE(16:0/18:1);PE(15:0/19:1),2009834.375,2730226,4044632,6365757.5,1678398.375,2945393.5,3295706.958,1714511.163,1074608.25,1646776.875,1217239.375,1360335.375,1224501.75,4444739,1810217.25,4731375.5,4066378.25,1108370.5,2268454.213,1506350.373,,,,,,1568397.125,1408302.375,2376022,2875267,2940048.25,1233353.5,2066898.375,760060.1555,1039519.875,6649643.5,1628712,1810065.75,2411204,2707829.025,2257189.382,NEG
714.5072055,19.62381074,PE(16:0/18:2);PE(16:1/18:1),1791607.875,2485660,5114690,4014443.5,1301644.875,3065722,2962294.708,1421686.741,2674336.25,649304.75,616323.9375,1108796.25,737187.9375,1677461.875,1723902.25,5137921,1324250.5,512514.5313,1616199.928,1406557.633,,,,,,2017724.625,3478155.25,9652816,5707590.5,3911892.75,883815.0625,4275332.365,3109194.611,1090201,2433181.5,1780693,603155.0625,1327338.75,1446913.863,695989.1436,NEG
730.5384437,22.00471784,PE(16:0/19:1),1722271.5,2335930.5,2344884.5,5416670,1432001.375,1488506.875,2456710.792,1504347.088,1010399.063,2461872.25,1126687.625,984177.375,1498838.75,5360404.5,1940623.125,4967156.5,3442053.5,733060.8125,2352527.35,1692471.181,,,,,,973560.6875,1010785.313,1564566.75,2254210.75,2413252.25,1655025.875,1645233.604,603486.2013,1116819.75,4553015,1515356.625,2141310.25,2331111.5,2331522.625,1333495.341,NEG
686.47596,17.29167938,PE(16:1/16:1),3806439.5,5697317,5556277,14300000,4388281.5,7072438,6803458.833,3843558.194,2799034,3873277.25,2048359.75,2493048.25,2205362,8649841,4672078,10600000,7365609.5,2213683.75,4692029.35,3093376.864,,,,,,3548991,3063941,5889486.5,6193136,6068183.5,1834498.625,4433039.438,1860175.292,2639372.25,7545546.5,2880893,3301565,5326827.5,4338840.85,2082596.06,NEG
702.5072717,19.78074136,PE(16:1/17:0);PE(15:0/18:1),3247948.5,3773623.5,4421634.5,11700000,3232918.75,4354770,5121815.875,3263374.134,1780196.875,2535313,1940975.875,1937180,1957956.625,7171060.5,2876741.25,7575327.5,5982574.5,1773455.5,3553078.163,2374133.624,,,,,,2011958.875,1883171.5,3866154.25,3891515.25,4211893,1370328.25,2872503.521,1248642.169,1753585.25,7470701.5,2012089.125,2326017.25,3369025.75,3386283.775,2364373.411,NEG
700.4916188,18.03422315,PE(16:1/17:1)_A,1634661.125,2340016.75,2136444.75,5867240.5,1818850,2013433.125,2635107.708,1602253.108,1225108.125,1699452.5,918543.75,966520.5,1056799,4550944,1718907,4120508,3576619.75,965352.75,2079875.538,1429582.237,,,,,,1221325,1188957.75,2447403,2140110,2438423.5,716202.5,1692070.292,742341.0939,938447.625,3292525.5,980574.9375,1349350.625,2460455.5,1804270.838,1034475.401,NEG
700.491628,18.64379642,PE(16:1/17:1)_B,583682.9375,961579.4375,1073756.875,2711301.5,601452.125,1327593,1209894.313,788747.4608,399458.6875,418263.7188,340690.4063,401184.1563,330965.8438,1042839.563,641484,2237161.75,1518363.125,567300.0625,789771.1313,633758.5559,,,,,,658317.125,1127768,1264353.875,1260403.75,1266712.25,287468.2188,977503.8698,411476.7166,437996.5313,1754637.75,454780.9688,500261,610924.25,751720.1,564688.9162,NEG
714.5072598,19.30766654,PE(16:1/18:1),3596842.25,4941242.5,5399057,16500000,2467504,5704973,6434936.458,5078145.679,2051680.5,3089622.75,1808526.625,1784649.75,2142021,7205272.5,3012904.5,8606017,6797480,2225183.75,3872335.838,2604772.574,,,,,,2768749,2815200,3739415.75,5626371,6425728,1522636.625,3816350.063,1868252.588,1732294.125,6698647,2199866.5,3070697.75,3661472.5,3472595.575,1952760.392,NEG
712.4914961,17.79247,PE(16:1/18:2),173487.8281,309538.4688,357590.7188,425005.9063,100293.3516,187942.0313,258976.3842,124403.8512,241787.0156,71426.5,46301.89063,108690.7344,71425.52344,210885.4375,193172.5938,393404.0938,159476.5469,69108.42969,156567.8766,107626.2546,,,,,,208372.4688,260631.4375,694725.125,839826.125,583259.9375,53646.98438,440077.013,309955.5583,116480.5938,233478.875,98962.54688,61481.48047,250212.3281,152123.1649,84487.56512,NEG
728.5228033,21.03285753,PE(16:1/19:1)_B,404198.4375,695147.125,633198.6875,1329107.75,361996.625,402940.3438,637764.8281,365243.0731,253609.8125,423557.3125,405204.2188,222222.5938,290874.9688,925688.875,433420.4375,1046882.438,1004043.188,228693.4531,523419.7298,333889.1388,,,,,,238680.1406,286223.7813,363086.75,500988.2813,626399.0625,339192.2188,392428.3724,145010.6827,246894.625,1349857.5,318035.2813,482995.7188,475823.75,574721.375,445081.0256,NEG
718.5385813,21.5864692,PE(17:0/17:0),1710474.125,2183583.25,1776443.625,4186803.5,1307719.625,1368682.875,2088951.167,1075170.183,978848.3125,2344890,884003.4375,780318.3125,1589982.5,4497471,1483774.625,2244947,4123395.5,896164.375,1982379.506,1347874.531,,,,,,728286.4375,900231.75,1725715.875,1650914.75,2809272.25,643239.6875,1409610.125,828033.4262,471896.3125,4869208.5,999319.125,1905272.5,1791665.375,2007472.363,1704473.375,NEG
730.5384828,21.50085222,PE(17:0/18:1),1302799.875,1933822.375,2660059.5,3901822.25,695318.9375,825725.75,1886591.448,1228577.844,597031.625,2739939.25,795136.0625,555253.8125,1040319.563,5798597,1062783,2772683.75,3101661.75,814276.6875,1927768.25,1681533.187,,,,,,624391.875,962313.8125,697272.5,1172252.375,2421394,941599.75,1136537.385,659656.468,451876.2813,3813088.75,795677.125,1552282.75,1401758.125,1602936.606,1313813.042,NEG
714.50715,18.74241407,PE(17:1/17:1),608758.0625,927221.0625,667338.625,1977422.5,743481.125,1071124.875,999224.375,508968.0605,526786.125,719479.375,578942.25,359325.8438,594570.375,1573972.5,712858.5,1951826.625,1696177,326331,904026.9594,598052.5863,,,,,,483963.2813,399817.5625,1051164,850829.0625,827721.75,300435.7188,652321.8959,298386.3841,547675.0625,1308382.625,541314.625,562948.3125,690253.0625,730114.7375,328959.3569,NEG
728.5229598,20.04422241,PE(17:1/18:1);PE(16:1/19:1)_A,1102664.875,1610516.875,1320249.75,4539756,728392.875,981432.8125,1713835.531,1416506.375,739204.875,1037058.125,642486.3125,430969.2188,716962.125,2787628.75,1249878,2233366.25,2675197.5,707627.6875,1322037.884,896601.1141,,,,,,522330.0625,795121.25,861390.6875,962082.5625,1798425.625,415860.9688,892535.1927,489939.5723,589081.125,1985245.375,597925.25,1037386.375,1337560.625,1109439.75,582384.4301,NEG
742.538376,21.669525,PE(17:1/19:1),2980624.75,3054207.5,4038924.25,13400000,2241203.25,4123029.5,4972998.208,4188634.948,1354910.5,2631732.25,1855447.375,1582837.625,1971818.125,7177762.5,2288747,6114129,4788421,1119419.125,3088522.45,2148164.594,,,,,,2050386.75,2365593.5,3923870.5,5160645,3468590.5,1820212.875,3131549.854,1291030.827,1539583,5700968,2166987,2256870,3330929,2999067.4,1641927.865,NEG
742.5383682,21.03029006,PE(18:1/18:1),8034151.5,12800000,13400000,24100000,4639693,7576266,11758351.75,6901175.736,4020881.75,6782846,3625232.5,4169848.25,5183666,26800000,6575045.5,21300000,16700000,4133230,9929075,8464595.142,,,,,,4728784.5,5560561.5,4869064,9398832,11900000,4530872.5,6831352.417,3080961.694,3780884.25,18300000,6022282.5,8247943.5,8438824,8957986.85,5555799.958,NEG
740.5226703,19.81828586,PE(18:1/18:2)_A,959917.5,933217.0625,4994340.5,1804402.875,1305472.125,2318005.5,2052559.26,1535646.595,482376.6563,379472.9688,408394.625,1327029,491893.25,893551.1875,1178519.375,4122372.75,975207.0625,220172.2813,1047898.916,1142430.162,,,,,,1198275.625,799182.75,2685478,2185565,939613.4375,1041267,1474896.969,771780.7935,1188894.875,1448452,1423419.875,358779.875,1002932.625,1084495.85,444845.1883,NEG
740.52272,20.30077864,PE(18:1/18:2)_B,2685602,3163763,3548147,5216049,681785.5625,712346.625,2667948.865,1748309.534,1427479.5,3848020.25,918821.6875,753639.625,2429117.5,17900000,2209529.75,6704612,6501913,620843.5625,4331397.688,5264681.897,,,,,,527351.625,1581173,702207.4375,1830719.5,2817156,1763762.625,1537061.698,836027.6923,823803.375,7953614.5,2213493,3866232.25,1747100.875,3320848.8,2815054.013,NEG
756.553937,21.69807506,PE(18:1/19:1)_A,1158429.75,2236905.25,2557263.25,4434022,788170.4375,1723771.875,2149760.427,1296891.188,678788.625,1126376.875,473111.7813,697567.75,793383.9375,3526405.25,1108798.625,4983159,2622014.5,723844.25,1673345.059,1526225.85,,,,,,937067.5,1030570.438,929833.4375,2016185.375,2866351.75,747590.3125,1421266.469,839599.6656,677499.875,2237706,1289876.625,1338883.875,1594536.375,1427700.55,564275.622,NEG
756.5538857,22.07050043,PE(18:1/19:1)_B,3538816,5500875,5527971.5,10800000,3042873.5,3043319.75,5242309.292,2953348.856,2106878.5,4089924,1681446.5,1990931.75,2354888.5,8533435,3375551.75,9132085,7174974,1839173.375,4227928.838,2929179.137,,,,,,2191588,2522738.25,3338194.75,4329392,5390862.5,2157951.25,3321787.792,1308965.455,1936572.375,7348634.5,3040911,4159486,4405053,4178131.375,2026190.272,NEG
738.5070486,18.28930302,PE(18:2/18:2),850659.3125,2466288.75,2657940.25,3244168.5,1454658.875,2666295.75,2223335.24,890092.696,3137318.75,623987.625,281301.3438,1000992.125,519663.6563,1474362.25,2034665.375,4129436.75,710140.1875,441585.7813,1435345.384,1292984.659,,,,,,2417135.75,2959569.25,5717207.5,4853890,2547486.5,798481.875,3215628.479,1785159.197,1299985.375,1204675.875,1285776,300758.8438,742881.9375,966815.6063,436776.0392,NEG
770.5693455,22.89996284,PE(19:1/19:1),3074893.25,5365204.5,4437583.5,7033608.5,2164428.25,1950702.625,4004403.438,1984071.204,1653630.625,3882382.75,1372192.375,1473443.625,2653347.5,9768131,2778270.75,7485474.5,6312992.5,1354187.25,3873405.288,2976278.499,,,,,,1595480.875,1830729,2680082.75,3798106.75,5144453.5,2555309.75,2934027.104,1330376.32,1665180.125,6212366,2829338.5,3746552.5,3886333.5,3667954.125,1676475.388,NEG
728.522861,20.58032167,PE(35:2),2190737.75,4259198.5,4219600,7969664,2496668.75,5509270,4440856.5,2122208.484,1220895,1522828.75,1449598.875,1704210,1142035.375,4770212.5,2212271,7702129.5,3671040.75,1240539.625,2663576.138,2138547.661,,,,,,2758869,1708151.125,3860017.5,4900832.5,3677872.25,1334703.5,3040074.313,1364030.754,1704709.25,4485996,2217039,1789833.75,2698519.25,2579219.45,1136782.939,NEG
744.5540399,22.43066025,PE(36:1),625465.5625,947488.25,1377470.625,1678567.5,430285.1875,725731.5625,964168.1146,477088.2629,298344.5,809249.625,280418.75,292424.25,496808.75,2167044.75,566328.875,1684025.25,1436165.625,262861.625,829367.2,688055.2905,,,,,,320728.8125,369369.7188,516096.875,767063.1875,1078687,401125.7813,575511.8959,293675.5901,252386.4063,1503378.375,475309.875,866076.875,750023.1875,769434.9438,474931.0965,NEG
648.4969155,19.39856179,PE(O-15:0/15:0),1549669.125,1788293.875,1804725.25,6159172,1242482.5,902569.5625,2241152.052,1950062.655,936986.125,2485014.75,1201985.375,704558.75,1733348.625,6097396.5,1600527.875,2663967.25,3929027.25,797311.5625,2215012.406,1694623.097,,,,,,760108.1875,1020726.188,1448924.125,1157535.25,2173684,670353.625,1205221.896,550968.7081,631630.6875,5571965,785936.3125,1697110,1817925.625,2100913.525,2011174.713,NEG
646.4812949,17.62612444,PE(O-15:0/15:1)_A,1209421.75,1578775.125,1894307,5287510,820390.125,580124.875,1895088.146,1729903.074,842048.0625,2850768.25,1552110.75,400586.2813,980385.5,3560860,1047196.938,2026383.875,2565941.5,643309.125,1646959.028,1060520.649,,,,,,462004.1875,965674.625,1162395,855294,2014614.625,408693.625,978112.6771,585515.4012,498204.625,2984267.25,532825.1875,959267.3125,1574818.375,1309876.55,1031906.653,NEG
646.4812247,18.0425679,PE(O-15:0/15:1)_B,1585229.875,1712760,1577103.25,6849994,807546.625,485994.125,2169771.313,2345082.07,770548,2307779.5,635640.25,466596.0313,1552266.125,4286527.5,982838.1875,1940796.875,2700244,782453.25,1642568.972,1200975.291,,,,,,380231.5,1033964.875,584937.5625,647730.6875,1579061.625,260417.2656,747723.9193,486224.7964,450764.0313,2451244.5,458884.5313,1126899.5,1335555.125,1164669.538,820624.3264,NEG
660.4969253,18.31040154,PE(O-16:0/15:1),321302.8125,881969.875,591347.9375,1577316.375,86214.67188,139276.9063,599571.4297,563673.8983,374777.375,373931.875,202609.5625,44728.91406,223971.2656,657598.9375,403814.4375,799164.375,923359.25,716261.625,472021.7617,287757.8673,,,,,,45658.65234,256815.0156,61991.42578,161517.0469,742503.8125,23490.3418,215329.3825,272628.9082,99836.24219,769476.5625,121473.5859,804248.3125,236606.7969,406328.3,351461.9379,NEG
704.5590924,22.55277815,PE(O-17:0/17:0),1349388.875,1574984.5,863698.8125,4394753,1068791.125,424898.375,1612752.448,1419738.457,1097998,3142321,653156.5625,410340.7813,1764725.625,5564010,1608163.75,2575991.75,4449088.5,372272.7813,2163806.875,1766400.466,,,,,,473929.0625,724408,706479.1875,916628.625,1975362.75,670023.25,911138.4792,540119.573,504524.3438,2691168.25,830311.5,2088345.625,2559314,1734732.744,1006371.662,NEG
672.4968248,18.59234049,PE(P-16:0/16:1),424632.5,1966989.25,664543.5625,1778139.125,720062.75,1752915.5,1217880.448,684771.8986,634136.8125,556504.125,288154.5938,458942.0938,473595.625,1462303.5,684159.125,3516655,1261111.375,514035.4688,984959.7719,963571.1664,,,,,,767256.9375,349136.125,839617.1875,2191661,2024247.75,224333.0625,1066042.01,842394.809,617149.875,1776749,588159.9375,770996.5,603554.0625,871321.875,511455.5576,NEG
693.4708191,14.16167907,PG(15:0/15:0),183893.1094,79031.65625,62159.49219,758631.1875,581167.5,713410,396382.1576,323556.5983,89031.9375,140831.1875,96941.63281,178232.7813,38970.55078,382600.4063,162427.4375,729649.0625,255269.875,36026.63281,210998.1504,209988.187,,,,,,330679.375,52501.97656,915688.625,436419.8438,392547.7813,127113.9609,375825.2604,304577.4798,122031.0938,484678.7813,249313.2188,60462.9375,188587.9219,221014.7907,163512.7461,NEG
707.4864118,15.12414944,PG(15:0/16:0)_A,151574.625,80473.65625,70770.28125,480496.5,311431.7813,353454.0625,241366.8177,165956.6691,71838.55469,124244.0078,50664.26172,110221.3281,44665.82031,429654.1875,125919.4922,496228.125,161622.8125,27600.58008,164265.917,163659.4016,,,,,,213871.9844,45643.89844,433883.3438,305576,317730.8125,89887.75,234432.2982,147470.4724,89812.99219,442021.9688,169849.0781,88562.15625,200278.2813,198104.8953,144935.6767,NEG
707.4862784,15.46948235,PG(15:0/16:0)_B,415146.6875,268841.0938,240280.8281,1433735.75,1318258.125,1943074.375,936556.1432,722284.3536,150083.0313,328529.6875,754816.5,532814.0625,99560.85156,1218180.25,460696.0313,1787645.125,1779164.75,101433.3281,721292.3617,654809.2236,,,,,,1206243.125,116783.6094,1648322.625,1992883.125,1320584.875,451766.75,1122764.018,712973.3345,290625.5313,854458.0625,834618.875,327418.75,544039.25,570232.0938,268565.1626,NEG
705.4708252,13.6698837,PG(15:0/16:1)_A,203716.5,108489.3672,72191.03125,879331.25,549001.25,835979.5625,441451.4935,364058.5179,67673.96875,101098.1406,63726.21094,231186.4531,42326.32031,446530.4375,186485.5625,841685.125,163019.2188,40975.50391,218470.6941,251144.1121,,,,,,444401,60283.78906,795370.6875,638465.5625,457393.3125,141646.0938,422926.7409,281939.4539,124012.4453,364569.8438,343083.625,81429.55469,235871.0781,229793.3094,126725.8301,NEG
705.470659,14.11615407,PG(15:0/16:1)_B,138314.5156,84257.83594,29822.4043,644426.1875,439642.0625,495411.9375,305312.4906,253704.0026,51067.88672,78487.91406,50533.05859,92599.30469,19926.17188,182772.8906,115906.7188,544523.25,89882.10938,18541.43945,124424.0744,155366.412,,,,,,229343.0625,33946.16016,655588.4375,288828.4688,311392.0313,56039.08203,262522.8737,225195.2426,108766.25,224629.2344,132186.4219,38203.01953,156570.2813,132071.0414,68046.97641,NEG
721.5020094,16.10451198,PG(15:0/17:0),513731.4688,213206.5469,133252.8281,926050.875,610772.9375,495423.2813,482072.9896,285945.8683,129926.8125,317342.375,103790.5234,201121.2188,133508.5938,1140177,267036.5625,963013.625,455099.9688,64373.78906,377539.0469,375831.5118,,,,,,336236.9375,105643.4609,850142.9375,666917.5625,715377.5,181256.3906,475929.1315,308967.793,168038.7969,678444.6875,381418.6875,202673.3438,368722.7813,359859.6594,202201.9707,NEG
719.4863482,14.45443827,PG(15:0/17:1),195539.8594,72472.60938,37490.26563,611453.25,614163.1875,630803.0625,360320.3724,288060.0676,93078.82031,132013.9375,93426.95313,168849.875,46104.32422,442496.2813,177258.5,909532.625,203927.2344,31344.04102,229803.2592,265497.9281,,,,,,369129.1563,39798.96094,1121208.375,476730.7188,216085.1406,126491.4141,391573.961,391134.9011,182025.6563,362726.6875,325671.5,51642.46484,228090.4531,230031.3523,123375.4422,NEG
733.5019716,15.82177753,PG(15:0/18:1);PG(16:1/17:0),306908.0625,175767.4844,87003.08594,1091007.25,1011573.563,935358.4375,601269.6472,458689.1043,101528.6875,159994.2656,109439.1484,251979.0469,91853.53125,538637,223975.8594,1323252.875,288102.0938,56224.25781,314498.6766,381251.8358,,,,,,568556.6875,69765.40625,1270685,796268,651521.125,155516.0625,585385.3802,440321.6501,218425.9375,587050.75,365972.4375,112429.6406,284305.7188,313636.8969,178818.3077,NEG
721.5019329,16.94050802,PG(16:0/16:0),138243.3281,63150.87109,42233.42578,544725.3125,442624.5,298848.2188,254970.9427,208218.2484,93032.78906,73739.22656,41192.18359,246142.6406,25493.44336,298600.375,95213.625,654630.1875,137598,20947.375,168658.9846,193995.2624,,,,,,495598.875,43146.01172,493171.2188,588817.75,211565.3906,111965.5625,324044.1348,230075.036,69380.99219,390271,240594.8125,51826.69141,205486.2656,191511.9523,138327.0682,NEG
719.4863353,15.08879025,PG(16:0/16:1),428175.8125,228145.5,157203,1894876.375,1253928.375,1621863,930698.6771,755808.1702,158270.1875,257815.2344,210888.2188,503617.8125,83306.57031,983171.25,358859.3125,2500903,577285.25,110808.6406,574492.5477,729657.7846,,,,,,915257.75,135188.375,1692671,1636380,1164873.375,331305.4688,979279.3281,649863.4538,326403.5,1162851.375,724396.25,194458.6719,448823.9063,571386.7406,384172.9849,NEG
735.5168152,17.06632827,PG(16:0/17:0),124129.2656,30924.55664,23563.81641,314589.5,400981.5313,187705.4844,180315.6924,152854.9989,43275.69531,73400.80469,35575.36328,133199.25,23561.34375,268209.9063,93551.00781,359480.5938,83606.03125,6721.149414,112058.1146,114602.1241,,,,,,289551.3438,20591.74805,409902.9688,241974.3594,94843.53906,113562.0234,195070.9971,144507.0945,86624.41406,325377.9688,164341.7656,27267.75977,174804.0313,155683.1879,112357.1679,NEG
733.5016826,16.45064198,PG(16:0/17:1),239617.7656,94325.04688,45025.77734,943431.5,570805.3125,565144.125,409724.9212,345358.8639,60493.48438,121618.7891,82904.64844,230700.875,45162.60156,364104.5938,138511.6406,785994.8125,229816.0781,35471.40625,209477.893,227399.6911,,,,,,476011.0313,86230.97656,1137461.375,784623.9375,397453.1875,111515.4922,498882.6667,405111.4999,135682.0781,495756.5938,260992.875,64831.14063,335724.1875,258597.375,169449.3305,NEG
747.5174001,17.1365687,PG(16:0/18:1);PG(16:1/18:0),775283.625,612230.8125,541111.6875,3217254,2865336,3274550.75,1880961.146,1365588.55,329735.1563,476200.9375,422890.5625,1561976,213196.1875,3028634,907206.6875,6130516,1047708.563,201802.7813,1431986.688,1862226.381,,,,,,2417990.75,267870.7188,2969692.25,4094595.25,2351879,1353275.25,2242550.536,1318461.8,884352,2435844.75,2506033.5,593995.625,1175199,1519084.975,893231.4503,NEG
761.5325694,18.37971685,PG(16:0/19:1),400393.75,282652.5,184241.5469,1020180.625,1011602.313,726578.1875,604274.8204,367501.7814,138703.6719,390838.2813,223188.1563,370626,145325.1563,1053202,399039.75,1903173,587459.75,66976.88281,527853.2649,561162.2926,,,,,,550850.0625,130134.4453,1151066.125,1101418.375,970981.875,604893.4375,751557.3867,394491.3853,299480.7188,948831.125,766581,248655.7656,701636.25,593036.9719,305480.9737,NEG
717.4703019,13.24257414,PG(16:1/16:1),131975.0938,121881.4688,40445.94141,703643.625,580449.0625,759951,389724.3653,326238.8372,60142.30859,73236.77344,72498.17188,173206.4375,34206.97656,222339.7031,147376.6875,852680.6875,118052.4375,32733.85352,178647.4037,244832.2363,,,,,,440813.6563,48260.9375,815430.8125,578282.25,418415.125,75655.01563,396142.9662,295026.4289,181748.4844,316971.5313,255715.8125,66016,199895.8594,204069.5375,93526.23448,NEG
745.5019142,15.28011772,PG(16:1/18:1),296998.25,170678.1563,93541.34375,1092457,648895.6875,959435.8125,543667.7083,421351.7539,80476,145860.5469,246836.8594,282581,49821.03516,504440.1875,221766.3594,1290584.125,350256.5938,54238.39844,322686.1106,368875.1834,,,,,,530815.375,92894.95313,938496.1875,814777.1875,668702.625,180987.2656,537778.9323,340503.7165,185316.8906,562766.375,386766.375,115927.5313,326052.25,315365.8844,175433.4836,NEG
759.5173957,16.65672802,PG(16:1/19:1);PG(17:1/18:1),106350.1875,66688.125,44948.51953,403523.7188,282628.25,310126.3125,202377.5189,148947.3235,26746.45898,63037.96484,49144.77734,93804.74219,24839.48828,263582.2188,70633.99219,430442.0938,90269.73438,16152.62402,112865.4095,132199.0779,,,,,,182649.3438,37021,363510.875,284959.25,195050.5938,65179.07422,188061.6895,125030.4917,79913.48438,204537.3281,149867.8281,40912.51172,154195.9531,125885.4211,64993.42051,NEG
749.5327354,17.83077216,PG(17:0/17:0),323268.2188,126596.4063,83789.16406,544697.6875,963397.125,611211.0625,442159.944,332543.4326,86694.65625,235658.9219,129676.0625,312667.9688,79183.47656,647896.375,230412.6563,957132.25,220826.2813,27333.64844,292748.2297,291615.4655,,,,,,620610.625,62057.16797,1389710,707569.125,434428.9063,198348.2813,568787.3509,470725.5682,194609.1406,666500.1875,340972.25,93274.77344,361662.5,331403.7703,217206.6673,NEG
747.5175677,16.56527802,PG(17:0/17:1),117303.3047,68268.125,28544.50586,448293.375,393667.125,185851.4531,206987.9814,174729.9415,54647.23828,71153.75781,48039.93359,102393.1328,36458.22266,279825.5313,89386.89844,490966.2813,118700.8672,15681.97168,130725.3835,146422.2831,,,,,,211849.4063,38838.54688,434507.0938,206319.6563,190959.25,74269.98438,192790.6563,139086.2047,78571.9375,260365.9688,105533.1328,40161.28906,191857.3438,135297.9344,89436.77019,NEG
773.5327195,17.92342722,PG(17:1/19:1),162163.7813,64190.26172,60206.55078,534026.375,362796.75,474057.5313,276240.2084,208675.1486,35390.82813,91462.55469,75617.60156,135665.6719,32230.92188,319716.3125,97433.07031,468873.9688,116754.3203,23576.79688,139672.2047,143541.9604,,,,,,257985.875,54513.58203,568133.0625,452360.5625,192017,142684.625,277949.1178,195258.2164,124068.2109,355357.4375,219063.625,36779.71875,157586.7031,178571.1391,118752.6414,NEG
775.5480631,18.96312321,PG(18:0/18:1),173570.9063,150251.5313,150580.8594,456760.5625,421674.75,405004.2188,292973.8047,148891.4365,84404.28906,117814.9297,102241.25,185315.8125,67912.54688,501816.875,140524.8125,947771.9375,243141.3438,39865.625,243080.9422,280886.367,,,,,,307333.4063,49683.55078,445765.8125,515551.2188,437995.625,152359.875,318114.9147,184007.3922,155563.3438,424100.0938,302194.3438,103808.2734,188239.4688,234781.1047,128434.5013,NEG
773.5328003,17.20511679,PG(18:1/18:1),1510009.5,940140.1875,648368.0625,3574329.75,1948277.125,2482177,1850550.271,1074241.607,546199.375,1154991.25,455866.9375,1041036.438,454290.2188,5820728,1005220.188,5729446.5,1646347.625,227267.8438,1808139.438,2132203.291,,,,,,1693204.5,422282.6563,2660882.75,2899478,2918140.75,1206610.125,1966766.464,1029073.885,930292.9375,3947707.75,1844083.875,811267.5625,1277434.5,1762157.325,1285932.399,NEG
787.5480145,18.48935889,PG(18:1/19:1),342304.9063,190066.8281,149685.2813,878154.375,918940.75,1038311.75,586243.9818,401823.3923,91831.39063,187561.1875,140822.375,378551.4063,63278.57031,633141.5625,260729.4531,1581406.625,329447.4063,61419.41406,372818.9391,459808.15,,,,,,756890.6875,101417.9609,1207867.125,1291444.625,819746.875,366118,757247.5456,463772.6995,265418.9063,561701.8125,616295.0625,166233.875,324519.4375,386833.8188,193984.7132,NEG
801.5639528,19.67289099,PG(19:1/19:1),479712.5313,227946.0469,146416.3906,824082.625,1382664.125,760832,636942.2865,455869.7187,109850.5547,331083.125,194896.2969,512743.8125,137449.4063,797968.3125,321107.2188,1951750.5,355821.4688,59539.84375,477221.0539,562080.8719,,,,,,743627.5625,101022.5938,1520296.625,1322664.25,896490.375,636268.4375,870061.6406,508019.4934,384630.9063,917615.5,837981.4375,179009.1563,583666.375,580580.675,308023.1906,NEG
781.4865054,13.73555648,PI(15:0/15:0),104699.6016,27236.60156,17419.1582,762388.5625,1103337.5,337760.6563,392140.3467,447668.4436,30899.33789,72768.77344,60997.38672,233315.8281,10670.93945,341416.5,82356.73438,436966.9688,63825.37891,11575.17285,134479.3021,149877.6227,,,,,,525393.5625,30236.05469,1104129.75,654914.5625,517208.9375,125304.7422,492864.6016,387474.2505,57448.83984,397254.2813,296771.5938,25345.16797,166320.1094,188627.9985,157786.9286,NEG
823.5334805,16.6871406,PI(16:0/17:0),27873.29688,11538.25293,0,90150.38281,257733.125,57417.46875,74118.7544,95706.56655,5018.874023,16642.96484,13696.11328,79689.07031,4287.223145,106273.7031,34110.98438,233928.7344,17027.37305,58283.78536,56895.88259,70988.51051,,,,,,202369.5781,3952.201904,273995.2813,240924.4063,113345.7813,149852.0938,164073.2238,97846.64465,30657.53906,104350.6953,153701.8281,9533.599609,64249.46875,72498.62616,57861.54606,NEG
