Metabolite,M_C_4_AB,M_C_7_AB,M_C_12_AB,M_C_14_AB,M_C_19_AB,M_C_30_AB,M_H_2_AB,M_H_2B,M_H_4_AB,M_H_11_AB,M_H_17_AB,M_H_26_AB,M_H_28_AB,M_H_30_AB,M_H_32_AB,M_H_34_AB,O_C_4_AB,O_C_12_AB,O_C_14_AB,O_C_19_AB,O_C_27_AB,O_C_34_AB,O_H_2_AB,O_H_4_AB,O_H_11_AB,O_H_17_AB,O_H_32_AB
"1,3-dihydroxyacetone",201558.1,230863.4,310910.0,245659.2,232123.1,264868.3,132565.9,175408.0,207265.6,200195.2,11486398.8,331945.1,186790.8,373936.4,300905.1,371204.1,313388.4,411931.8,246935.8,270366.9,624569.9,327320.0,233960.2,222957.7,186341.8,234212.6,177300.9
"1,4-D-xylobiose ",92632.3,59878.8,444064.7,204729.1,140847.5,226858.2,77650.7,68907.7,87523.2,122632.2,71585.3,124406.9,49584.2,357178.5,370081.8,46575.0,161703.0,501461.0,119733.0,338960.0,247569.8,310477.0,139770.8,181227.1,53837.3,166420.5,33521.1
2-furoic acid,0.0,20244.9,368618.7,290832.0,346959.6,362864.1,190631.4,22918.1,419948.5,136766.7,208463.5,275125.1,356263.9,444348.2,37180.6,359615.9,216406.2,290985.9,164079.9,27451.7,250931.9,226323.6,143294.1,167878.8,12033.4,10321.1,141094.9
2-hydroxypyridine,848669.1,1503773.8,1530763.4,1166233.2,1366151.4,1244331.7,1088860.7,2088375.5,1089495.4,1016476.2,1145739.3,1217879.3,1069384.6,1578411.3,1171210.8,1377520.0,1267011.1,2058137.3,857639.3,1564931.5,1273704.6,1205659.2,1572751.3,1247938.9,1663712.8,986499.7,1165535.3
3-amino-2-piperidone*,338073.0,330988.7,723426.1,1008494.0,735189.6,708869.7,338854.9,586736.4,271465.5,594404.1,239339.0,228917.3,179462.4,206234.8,392354.4,306326.9,7166777.7,14202079.9,4490234.2,1934624.8,5710184.8,5986927.5,4191278.3,3139169.5,1357579.2,1841770.6,1167193.6
3-hydroxybutyric acid,665168.0,968541.0,1950630.8,1364056.9,645911.0,1745759.1,523485.0,492646.1,491344.6,484619.5,1347377.8,885926.7,1517862.0,1634422.9,1299326.5,2993634.7,654375.3,452154.6,803182.0,672468.2,550734.5,1259458.2,387054.8,544096.2,316679.1,413058.8,468887.4
4-aminobutyric acid (GABA),1219404.7,9283552.7,4657182.5,4822063.9,4692235.0,3085062.2,629202.5,1072926.3,2002605.0,3365820.5,1738429.0,0.0,991899.1,2202431.4,4814624.0,1817006.1,18276546.3,28283192.0,26770328.0,18309290.9,16636634.9,11400763.4,10788979.8,14357431.6,10690717.2,6293252.6,1923468.5
adenosine,597430.6,2618724.9,986353.6,1479949.2,874531.5,1078726.7,1835680.1,1057495.9,771983.7,1501351.9,1954308.2,1421324.8,2240124.3,1481244.9,1718898.4,4543631.1,700307.0,288475.0,611427.7,653705.5,451518.5,1051869.9,794504.2,1041657.3,630165.2,1367511.2,57984.6
allantoin,1503819.0,550998.3,6396.9,2210454.9,22046.0,93163.2,14199.3,589931.8,915507.8,2369091.7,676963.7,483432.1,45292.3,27870.0,8849.4,1244739.1,12636166.4,10877713.5,3046188.2,7266656.2,3009841.2,14321494.3,6961788.0,6299574.9,2915223.5,18380042.2,1755759.5
arbutin,610194.3,0.0,190004.4,3361765.8,3250395.9,3068598.2,0.0,1739594.8,0.0,249393.8,0.0,4559998.4,0.0,998520.8,401385.1,5327529.2,1460283.2,1313422.7,2125967.0,4871845.8,16196.8,2867365.1,49558.3,414079.2,0.0,0.0,0.0
beta- alanine,0.0,0.0,0.0,0.0,0.0,1374224.1,0.0,0.0,0.0,0.0,0.0,0.0,0.0,0.0,0.0,0.0,2812311.8,882515.2,1025974.4,451044.1,0.0,11748463.4,0.0,0.0,0.0,235047.3,0.0
beta-cyano-L-alanine,268477.7,41565.7,319110.9,386987.1,415429.8,282544.3,107896.6,100041.9,168925.9,112344.6,167897.0,139197.1,133673.0,33483.6,183846.4,48095.6,3864302.9,3823388.6,2435842.1,1646837.9,2076608.0,3363593.8,1822226.3,1689117.1,578982.8,1303754.1,326109.0
carbonate ion,4613362.9,3414290.9,3956110.1,3514038.0,4827966.1,3357043.7,2887031.0,4143004.5,3068424.4,3936535.2,3219209.0,4450718.9,2210044.0,3037693.7,3317337.9,3140739.1,6120612.0,4237093.8,4314659.4,3101537.7,4143028.8,5587509.9,4556457.9,4600841.8,4984369.0,1595633.6,3992266.8
dehydroalanine,539521.4,152628.0,146060.7,198892.5,175299.5,181619.2,240515.9,265819.2,329685.1,359722.5,675300.1,383155.9,676066.6,162699.0,415632.5,340253.3,444240.8,802763.9,305810.4,280905.7,413556.1,447739.4,239964.8,261117.7,473131.5,703846.4,72708.4
D-fructose,1085019.1,2092950.3,2812330.2,2664931.9,2924894.2,1968743.9,846906.5,911815.5,964862.7,1183868.2,1172880.0,3244577.0,9796331.2,3185087.7,1818739.3,5364199.4,3044273.1,5213898.0,1787393.9,3241637.3,2261221.7,3010516.4,2287352.2,37816226.0,2047737.1,6498238.5,1023806.4
D-galactose,462028.1,529799.3,1374740.5,958783.3,1137938.3,1185450.9,565702.5,724802.2,451817.4,564739.2,543922.0,459763.2,877625.7,1813885.3,3415843.0,1297702.7,1428791.0,2819216.0,1112296.1,2395692.5,1929150.1,2560183.4,1166057.9,757922.0,535436.3,4561111.4,584168.3
D-gluconic acid,108805.4,67776.1,36330.6,147726.3,225693.9,212292.4,38671.2,28638.8,74412.1,60518.0,128667.4,102083.0,138552.2,478655.0,706277.6,1129445.4,2208747.3,3821655.0,1057839.6,2206663.2,1217906.7,3334694.8,335237.7,447873.2,108154.3,58389.6,107573.8
D-glucose,14671725.9,18918423.4,55845738.9,37468344.6,20362678.9,29904066.0,27712436.8,18756845.3,27398133.9,38409375.4,18744191.2,29488547.4,56834253.9,93331270.9,65897364.8,42152292.0,19537564.0,35973360.4,24079958.7,44932003.9,34018420.4,36530611.7,27199648.1,19705982.6,17009269.5,51263389.5,18379005.1
D-malic acid,92948.0,162502.9,168837.0,509411.0,186377.3,363706.0,193175.8,96577.0,164070.0,139306.0,143118.0,273744.9,292409.0,255975.0,318002.7,179073.7,677149.0,490700.5,270650.5,118327.2,759976.0,148239.8,170380.0,269665.1,210772.9,392134.0,158251.0
D-maltitol,1495571.4,2585951.1,2882808.9,2680926.7,2072280.8,1399661.8,2754840.0,2005424.0,2505576.0,2303083.6,5568304.0,1743175.7,1602693.1,4613930.3,3243713.6,5920368.0,2230727.7,2322351.4,3614746.4,1466228.3,1969174.6,295194.8,3276392.0,2354635.1,3234734.7,4752920.0,2470812.1
D-mannitol,4467597.9,5454525.8,15626474.5,28672051.9,8098192.6,19511550.9,10351418.8,9923463.7,12088749.2,10044057.3,7068019.7,17788392.7,19916402.3,34657871.9,53748873.9,19304666.7,23959921.6,94031532.4,17459792.8,48070222.9,25270454.9,35970970.7,41546655.0,27324068.6,7535415.0,83509441.3,12293836.9
D-mannose,416965.8,637419.2,1758265.5,2077986.2,768726.9,974517.2,1176060.0,778429.4,855441.4,1076254.4,502219.8,1056685.8,1707738.6,3449517.5,2356629.5,1203603.4,619666.4,2470954.1,751222.1,1197331.8,965623.3,1152009.3,1233402.3,441674.7,379857.2,2936091.3,564502.8
D-ribose,1721664.9,4066309.8,6904383.2,6463967.8,2690756.2,5643439.4,2298382.6,2107837.3,2320446.0,3401363.3,2411895.7,3357978.1,8113746.6,12015243.2,8936002.7,8898962.3,3612800.1,5504021.8,3471381.6,5032897.9,4818015.1,6833408.3,2973517.0,2497188.8,1879560.1,5451568.5,1651871.0
D-threitol,73945.0,661895.7,270266.3,93540.5,92784.1,91037.7,116241.8,229382.0,126460.9,652702.1,110917.0,79350.1,115094.3,149114.7,52588.4,88933.5,68689.2,766185.0,61218.8,48008.3,74773.3,74710.3,31060.0,353489.6,169033.1,141680.2,116480.4
D-xylose,229137.1,228405.0,1821995.4,776429.6,393229.9,1272062.0,263072.1,306129.8,328854.7,486360.9,479346.2,544475.6,462999.6,1744465.9,2493307.8,463715.3,357831.0,1884118.3,650723.3,1774541.5,923078.0,1175167.1,666425.3,539500.3,173254.4,1479925.3,393576.8
ethanolamine,6711065.7,12769618.4,5929561.8,5925162.1,4363214.1,6586515.7,2183449.7,4211884.4,2470081.6,4974717.4,4259664.7,2695510.7,5338084.1,5856261.3,13029511.4,6573143.9,13238419.2,12844880.6,9622856.3,11884003.1,11746696.7,13372474.6,6233957.0,6113829.1,4243010.6,15120587.6,5640083.4
fumaric acid,747686.9,936361.5,1238950.6,128785.0,187502.1,1226487.9,374485.8,0.0,553985.0,738136.7,108373.9,38126.3,75405.3,135296.5,142897.2,294466.9,3766776.5,4296803.0,2625553.1,1456734.7,1250534.3,4927201.2,1154879.2,2146280.8,695254.1,511237.1,282109.2
galactinol,7925482.7,8297476.2,8747559.5,8309178.9,9829961.9,11826860.6,4026566.4,10618536.3,2430784.8,16093332.4,6795976.8,7737403.9,11673565.9,15565748.5,15927833.2,6079053.6,6825788.4,8543786.6,2998371.7,5320392.0,8853414.1,4673947.3,3477521.0,3205837.9,3330843.9,9019902.9,3899918.9
galactitol,1326363.0,5506732.5,365751.6,361592.6,1697836.0,533862.6,1099991.0,12404762.0,14631486.6,262002.0,1660927.1,3241937.0,257334.0,438653.1,771041.2,1700473.5,2620578.2,82951739.7,1564300.3,1053153.8,28099697.0,3864426.6,239773.7,6056996.5,1553938.0,116947410.0,904371.4
galacto-hexodialdose*,1753212.7,2024407.7,14021545.8,5722456.3,1837040.2,2652283.3,8136023.0,3999591.2,4590241.5,10346957.7,2192705.7,8176350.0,17606232.4,18157401.1,12048653.6,15147035.6,572721.7,1568574.1,632934.8,1644390.5,1365118.8,1545700.8,289168.5,1029950.3,974935.1,5629635.4,1067179.3
glucosyl glycerate ,12836127.6,23599978.5,32570737.9,36485998.5,28913423.2,9400256.1,11013602.8,10686738.6,11505342.0,27208919.4,13224358.8,11680667.6,11930911.5,45832878.8,51010484.0,29111027.2,66910542.5,128226248.6,44622049.4,83726208.7,57992806.8,67464310.8,53268823.7,55293558.1,31772572.2,110312382.5,32808174.6
glucosyl glycerol 1,2089350.5,1593821.8,2069334.9,1837493.5,736911.4,2300657.4,1338080.0,1055032.4,327656.0,1564849.5,1834237.2,2017753.4,3432392.5,4393506.5,3368096.7,3809593.2,1662854.8,3533276.8,1700958.5,2054988.9,1993069.8,4762330.0,1561887.8,2945301.4,932771.1,3058091.4,1289432.6
glucosyl glycerol 2,844763.9,1789254.1,2895899.6,2837570.7,2895528.9,1643407.8,933530.9,954641.9,1099861.9,1250336.0,2017106.1,682727.3,1901295.8,2355327.4,2665520.4,4105921.8,1024957.7,1373313.9,1192886.8,1326510.3,1487771.0,2438467.3,929805.7,886877.3,428223.0,1589735.9,471006.0
glucosyl glycerol 3,1487392.0,1654976.4,3520894.0,2198914.1,1057462.6,3417430.6,1776316.7,928082.5,2058202.4,13277495.9,2894784.3,2357068.4,7820832.3,7561739.8,2849400.9,9868106.3,661900.3,1776398.5,950589.3,872681.2,1504220.7,1621019.5,646900.6,354778.7,751888.0,1447223.5,581829.9
glyceraldehyde,203761.3,114352.6,397850.8,400816.3,397642.0,285692.6,243435.7,172113.2,248635.4,274426.8,252717.7,454300.7,1095187.6,468668.5,369242.4,2246041.7,382823.6,339594.8,213701.6,190567.9,384690.6,344276.2,223573.9,239152.3,114120.1,252978.6,193203.9
glyceric acid,129353.9,143556.3,213930.1,271421.3,337871.4,258831.6,105559.0,68552.7,107873.3,73483.5,132445.0,137597.4,168011.5,219408.8,190297.5,288016.0,475444.3,734462.2,646584.7,657657.8,639876.9,356103.6,324084.1,332236.9,119996.3,176825.4,129865.9
glycerol,21747280.7,21223606.6,39309301.0,29321750.8,22348317.3,56191791.9,17709012.3,23766540.7,20391266.0,26701072.2,61856454.1,38217263.9,66693659.3,39658516.5,53312141.4,75858453.4,59942203.7,53367788.3,28943272.0,35265095.4,38820647.9,58457499.3,37798130.6,31964450.8,19237131.9,70665691.2,37155685.7
glycine,1722542.8,5650937.9,2587313.6,9183310.3,4416708.1,5059453.2,847836.9,761513.5,1719609.6,894475.8,1695932.7,796271.4,1070959.1,1533643.6,2820542.3,2547477.8,12712083.8,42588400.0,22814097.8,17633369.8,17880415.9,24882731.5,12574626.7,12496400.5,6259104.4,17205398.0,3442090.8
glycolic acid,102567.0,79874.6,72471.5,168433.5,253937.4,88600.7,56173.3,73792.8,73292.4,53141.4,85605.3,84924.1,131274.5,105461.5,56180.2,190548.0,175917.6,182861.0,157893.3,138695.8,116077.3,123436.6,86405.4,130674.9,66491.2,63517.8,53043.0
inositol phosphate,26302.3,193053.0,603907.8,526471.0,116519.9,540312.0,229003.4,287692.9,150941.9,104635.7,0.0,0.0,647731.7,228451.8,1203376.0,367547.0,1960368.3,3329323.8,1318931.7,1527651.3,701305.5,2571577.8,702055.2,274561.2,0.0,3696274.2,66811.3
isomaltose,9352592.5,1073715.5,3763124.4,4811844.1,2075267.0,1524751.2,4514007.1,2923676.7,3813627.7,4228301.3,3355131.8,2469245.8,5687504.1,7814564.5,3474567.0,3179506.9,2349011.3,6038995.1,1155156.4,2857386.3,1892626.6,2458366.1,2072018.6,2540937.8,2331275.4,3893369.4,2655503.5
lactic acid,2194692.6,2759701.1,2525308.6,2136093.3,4756529.0,2305681.0,2960335.1,2683326.5,3129510.7,3399255.4,3345378.7,4473923.2,4286424.7,2506640.8,4108938.4,2680900.6,5215499.2,3320011.8,5159671.7,4252285.7,3108581.2,3470061.1,4868856.7,5242830.8,3727527.3,2929523.6,3451665.7
L-alanine,5604183.0,27499943.3,7043237.7,71166.8,4190541.5,5117123.3,79665.8,74781.1,60137.5,226186.5,63937.2,33564.8,45226.2,609152.1,13413343.6,256378.0,16269891.6,65211248.8,31956070.2,31217464.1,9245487.7,19698902.8,8602529.8,7464961.9,2883565.1,34876228.6,1437817.5
L-asparagine,0.0,0.0,0.0,0.0,271422.0,0.0,0.0,0.0,0.0,0.0,0.0,0.0,0.0,0.0,0.0,0.0,7443411.2,4308259.5,3824130.4,1462861.2,2020960.8,7503207.8,3265569.6,4302102.2,458707.0,2935604.5,0.0
leucrose,560157.7,211664.2,2926118.7,62804.4,175958.8,1462753.6,464375.4,52103.7,180240.2,352519.2,124465.4,1057896.4,962791.0,1079151.7,1590905.6,221117.9,439364.3,6826.6,1324310.0,2413265.9,365964.4,201234.4,268133.5,149225.3,1614934.2,0.0,1061963.3
levoglucosan,44706.1,94046.5,81112.9,14797.0,359197.1,12511.2,492157.8,681401.4,536184.2,153077.2,78425.4,10723.1,72207.5,14988.2,376873.7,15823.4,548233.1,829193.8,682544.7,72063.7,602464.0,62079.0,549664.4,652409.6,559166.7,0.0,618722.7
L-glutamic acid,559267.1,2941617.4,2201190.6,1777591.4,2655286.8,1378149.6,46688.1,218119.7,316359.8,499918.1,288976.4,111425.2,121935.0,205528.6,2530201.3,1454641.9,36920894.5,45767640.1,28788146.0,35554665.5,19807146.7,20131639.3,12640438.9,18724563.5,8085476.8,10927129.5,1188156.5
L-glutamine,649397.3,1434291.9,1555799.9,2022932.2,1626341.5,1942990.3,87529.5,901304.0,1159775.8,516285.7,68988.1,175987.9,1023457.0,1363498.7,2545580.6,1088095.2,21362406.8,35801983.0,18598896.2,8745120.7,15894159.5,13833914.0,10402102.7,10259836.3,3193601.6,12572024.2,4008069.1
L-homoserine,116896.9224,46691.82111,28993.53834,71100.34304,83474.99022,38737.4889,32574.3926,36930.15921,39017.92907,51570.88037,34129.26002,32723.39993,26306.77577,36909.8283,53640.96559,69891.89499,91619.31862,81542.8504,56792.71558,100645.9264,23162.45013,45973.91206,69207.21568,68468.47333,28113.8033,35746.37904,43704.24121
L-isoleucine,2088221.5,5744934.7,2037853.3,2685331.8,4109093.8,4992946.8,302661.6,472356.2,381942.8,684269.7,1131978.6,328741.2,337607.6,1005447.8,3358736.0,935191.8,3347636.0,8342661.7,5219644.6,4436742.5,4078876.3,4602434.1,3401701.9,4166111.8,1217250.4,4983206.8,1647453.9
L-leucine,3990301.6,4444247.4,4175111.4,1703600.3,2869623.5,3924706.2,37298.4,157269.9,175190.4,247513.4,747697.6,80198.7,112654.0,148081.3,4476263.1,166503.7,4361928.0,3931319.5,7143624.0,5556811.6,2791604.8,4406083.3,2625414.8,3696281.8,1218318.3,7828267.4,2523124.1
L-phenylalanine,1982001.0,2447253.5,1773928.3,2317344.5,3526157.6,3082150.2,0.0,1258372.9,0.0,1532435.8,1495845.8,0.0,0.0,534391.1,2585529.6,0.0,3760559.8,6094091.0,3473663.3,3027646.8,3929849.9,7071893.9,3368754.3,3273050.5,1402004.0,4738022.4,1991355.7
L-proline,856393.3,1233076.7,1335792.6,259140.4,430929.3,1459808.0,12630.4,10867.0,28801.7,14058.5,165260.1,26882.3,21776.6,16689.1,2275910.1,20362.3,2373570.8,2085025.6,5950386.5,4277969.8,1301335.6,1660191.1,1626624.8,2887995.4,754964.5,9085070.0,30200.8
L-pyroglutamic acid,1584857.7,3017098.0,2367945.2,3682127.5,5326703.4,2428002.9,1065037.4,320497.7,1749120.2,1000133.2,831382.8,1249619.3,1135798.2,2446922.4,4652878.3,4230203.3,38837918.5,44663314.0,22320305.2,16434255.0,16601134.3,20781043.4,10795966.7,13196169.0,3673346.9,13577027.9,3018099.0
L-serine,3124126.6,6419513.7,4687840.2,2497344.9,4101403.3,5148171.7,366603.1,165041.7,695658.8,892230.0,1643159.0,44190.8,841643.0,66964.2,6244686.9,64819.3,25525898.1,15072656.0,21168012.0,21652771.9,13549331.1,21198965.2,12770134.9,12523745.2,6023863.2,16506531.6,4609096.3
L-threonic acid,84356.0,198966.5,371905.8,246948.3,336999.7,637481.6,0.0,0.0,0.0,0.0,66691.3,210372.9,427849.4,0.0,0.0,172706.3,0.0,613562.8,659567.3,640923.6,838497.6,264118.7,459717.6,367186.7,0.0,0.0,0.0
L-threonine,3733027.2,5573740.2,3588969.9,2211661.9,3894196.3,4797649.3,754955.9,242358.7,1316665.1,1803003.0,1849413.9,370934.3,1843295.9,159973.7,6904114.3,177920.8,18563690.0,11382032.3,14405832.0,13903154.5,11963220.2,20121841.7,9298243.6,10544867.4,4654938.5,18244742.4,5415986.7
L-tyrosine,194682.6,540781.1,684590.0,536585.5,1249124.1,387552.9,156837.0,232762.2,228143.8,372819.0,112913.8,288658.4,256180.0,750716.0,1058097.9,490103.4,2391046.3,5990466.3,2643167.1,1905018.9,2255415.0,4281970.1,1718160.2,2670957.9,772102.9,2719638.5,862617.9
L-valine,4426991.3,7439676.8,5537493.6,2708868.0,3755751.2,6344887.0,263455.8,1122751.9,543883.2,1041154.3,496329.6,449202.1,73216.8,1832625.7,7395673.8,807999.1,6137376.1,9603406.8,11334385.0,9196880.7,5089332.2,6188492.3,5643654.1,4456938.9,2389536.6,17143618.7,2664905.9
maltose,963591.1,220473.7,585689.6,0.0,746810.7,1029849.4,612796.3,902268.9,807445.2,632583.6,657475.5,924416.1,695884.6,424573.1,872964.8,307827.1,218621.7,0.0,231769.9,470563.4,495096.4,183732.4,318386.6,174220.1,268574.1,0.0,385640.3
maltotriitol,892988.4,1941799.4,1236137.7,3759923.8,1785250.0,1415785.3,2262068.7,1641101.7,2696643.7,2089382.9,2590861.2,1877815.5,2924304.1,3793014.0,2303953.4,2962167.8,1019372.4,1631090.0,836284.3,1333347.9,1076560.2,1135323.1,1832183.2,1239366.4,550807.1,2570341.8,1175486.4
maltotriose,0.0,0.0,0.0,2660680.7,0.0,0.0,4176722.2,1727350.5,4944766.9,963234.1,3052400.4,0.0,4061096.8,5572164.4,0.0,3108459.1,0.0,0.0,0.0,0.0,0.0,0.0,0.0,0.0,0.0,1714701.7,0.0
melezitose ,0.0,1805478.1,2166974.5,6670390.0,3580149.5,9547.4,3745075.4,1730264.2,4173578.7,6191743.6,6981681.4,2164291.7,8574601.7,13688512.0,1106155.6,6508791.2,0.0,0.0,1792624.2,0.0,0.0,0.0,1285073.8,1650342.1,0.0,2669930.5,1755735.9
melibiose,22497247.9,16165581.3,13623667.7,16659441.5,20349246.9,7771537.6,17501801.7,12179428.6,14731499.0,13299839.3,25528581.2,13494735.4,13617876.4,17578402.5,17192374.8,22648051.8,7576591.5,10374213.0,15360337.8,5624901.0,9728484.7,13852124.1,12281879.3,10955145.9,14113678.5,11804969.3,23685755.0
methyl phosphate,13338.0,3254343.5,768162.0,85982.8,762377.3,719990.7,378639.9,2846274.6,3948603.0,464290.1,834615.0,2843507.5,497802.6,385542.0,707813.3,299150.4,431956.4,1129822.3,254792.4,69984.7,113715.8,487363.0,199957.0,316608.7,2510304.4,640140.6,625912.7
myo-inositol,14788810.0,22076024.9,28643496.2,33093456.6,34675994.5,24411107.1,11194946.2,12920507.2,10494409.1,20276635.6,21705263.4,16800947.9,28352493.6,39222451.4,26577058.3,27119585.4,24839108.3,78851360.9,25212296.1,28472455.1,32476389.2,35134296.3,23807701.7,20766436.0,11896229.6,41963413.8,15515211.8
N-acetyl-D-mannosamine,1074098.9,1638914.2,1869946.0,4604532.7,2401482.7,3695067.7,3744998.8,3272988.2,4515674.9,2834307.6,1549896.9,1112990.4,2391038.5,5472153.2,4581447.1,6272285.2,861050.0,1850825.6,915042.4,1636807.8,1211497.6,2141158.4,1561769.0,888027.6,454202.3,3739295.9,1925773.4
nicotinic acid,190295.4,219185.5,214571.3,239042.6,472813.6,246753.2,204131.9,23974.3,288031.3,104443.2,117253.9,186949.8,228651.0,338509.7,297047.3,342415.9,655993.3,419842.4,950298.0,239555.9,543622.3,1544760.6,189475.2,367622.4,81643.1,400144.0,158308.8
porphine,3157068.5,1968943.9,2223456.3,2936999.0,4025306.8,5772791.7,1854045.3,1346361.6,2647531.4,2992258.6,4833609.2,3104253.6,5795875.4,1832545.7,2244893.5,2971825.5,6548870.6,6148641.0,3021026.5,4529472.7,2524177.4,3681865.1,2385480.1,3919874.1,2358279.8,1820674.8,2768239.0
propylene glycol,3537673.3,2672307.5,25253.6,2127658.3,3909417.2,1041136.3,416747.3,1463141.0,4880399.5,373549.9,509622.4,4230354.5,6395250.7,5169825.8,470231.3,8967062.2,6110914.8,1658864.7,2230572.0,2171104.3,471824.5,4300106.1,445981.7,5233409.2,578634.9,1966875.2,1444800.0
raffinose,0.0,0.0,1070128.4,1027754.4,0.0,2353350.5,0.0,421872.4,0.0,174098.2,2071339.2,0.0,0.0,0.0,1150702.6,1615256.8,768820.1,0.0,0.0,0.0,0.0,2708729.8,288797.7,21546176.9,0.0,1665932.9,0.0
scyllo-inositol,4244011.2,3055832.1,7266778.1,376287.3,9540298.9,8092177.0,2459381.5,3468485.9,3194273.5,6249954.2,6350149.9,3803810.2,5561245.8,9927962.4,8416856.8,6383268.0,7879480.2,11777573.1,3320041.3,4320715.2,4795877.6,12761202.5,4892915.3,4809936.0,2184418.1,11319358.8,2267087.3
sophorose,5750638.1,9370467.2,9763951.0,14405678.6,8667837.2,9120219.3,11110978.5,12493887.5,10126259.8,16480942.6,13285201.7,7346424.8,18712762.6,29298697.4,23442629.1,11578544.2,3550448.6,5733967.2,5965519.2,6990425.8,4916757.2,6620902.6,5339942.1,5092143.6,4012929.9,8202724.0,6515350.1
sucrose,232574.3,184619.2,344066.6,649363.9,1245663.5,849868.9,251457.9,318980.1,296744.5,328335.1,1008812.9,401085.6,328062.9,229411.3,391824.2,590849.6,365191.6,936590.1,290798.3,723872.9,649303.0,671257.4,294856.3,8960090.1,293301.1,1295169.9,304284.5
threose,384832.0,70317.7,99257.9,1099093.0,496434.0,768517.0,600934.4,353128.5,324512.0,300510.5,596325.0,137996.8,252018.7,220458.7,423931.5,195484.6,305372.1,268037.0,261495.0,85506.7,302325.0,129742.4,72929.1,176154.0,422602.1,194499.0,267002.7
thymine,104062.9,46180.1,57137.9,126022.4,83766.3,48293.3,28894.6,45663.3,35680.3,54989.8,67005.0,27984.7,55718.3,40740.4,59975.3,54365.7,43492.4,90852.4,72823.2,67466.4,48887.8,61069.1,53189.1,54164.1,61183.6,44062.0,57891.5
trehalose,283082762.3,290582861.9,311651873.8,357243599.5,323845836.5,295876088.9,326569478.2,331829139.6,330944367.2,350591690.2,332692504.5,285767882.3,309279460.5,367340989.7,365302093.2,360856524.7,320050740.2,396962628.9,314940670.6,350815357.1,316190753.2,345412827.9,324985404.7,343316531.3,297557118.8,410295244.3,312440992.5
Tris 1 (buffer?),172817.4,681608.7,293404.2,427534.6,352757.1,849815.3,556493.3,291410.4,325371.2,378144.5,659468.9,471186.7,428228.4,753659.3,365840.2,679415.2,760766.9,1213606.5,354068.1,407946.8,768909.1,774274.2,800834.4,667602.9,532759.7,188806.2,337503.1
Tris 2 (buffer?),924982.2,1773798.4,808050.9,1445694.1,1641253.4,2620582.3,1301727.3,1084592.5,1360070.6,1351025.2,2375618.2,1275187.4,1319287.7,384561.9,1258424.7,984067.0,1379118.0,1597668.9,2264047.6,2047364.8,2359941.0,1295074.7,2570230.6,2070613.4,2468547.5,1069774.4,1788266.1
turanose,534705.0,2929122.2,2266880.8,6888741.2,2996619.7,1950606.5,2281671.0,1638408.7,1496637.9,3604773.0,3767811.2,563064.7,3653860.0,7043278.7,5896129.4,6324492.7,2581199.6,6354548.4,3885747.0,4819307.8,2331781.1,4461554.4,3544269.4,3552285.6,2064545.1,7282680.4,3196004.0
uracil,554357.2,1053260.2,800172.3,829101.2,1480413.4,874918.0,663892.6,419271.8,760742.8,790944.0,743874.5,469500.1,655411.6,60915.0,1086547.3,76713.9,428931.1,275688.1,109567.4,703746.1,503609.9,317021.8,641802.3,194707.8,324632.9,996390.7,76908.7
urea,3335459.249,3900539.324,3538527.377,2404208.009,2364535.748,52087160,2282099.799,2748553.438,1984904.395,4675210.166,35041571.41,1854920.392,42736118.48,704135.4517,5400128.392,2384990.683,4268548,2215641,5000675.057,3136204.027,4030473.612,5285264,4789495,5106895.921,3900793.152,1571115.686,2633848.269
xylitol,290778.6,889334.5,1262668.8,4187705.0,1501934.0,4525193.7,884183.0,2395661.6,419557.9,1398552.2,979089.8,1246456.1,1097300.6,2522241.4,1563042.8,2336078.5,11126050.8,3790475.4,1519462.1,12215357.3,1553461.2,6465243.9,4273093.0,1894552.3,690435.4,4753614.0,770185.8
Unknown 001,1427014.3,11620.5,218598.5,1662435.0,3607290.5,311978.1,308982.8,84465.2,891860.6,246946.9,1003767.6,614981.4,1240768.7,459860.4,140621.2,2035642.2,1283629.9,1747015.6,1839481.7,2039190.3,370809.1,1252433.5,220213.6,1505622.4,22870.0,1263648.2,361598.7
Unknown 002,289112.1,510297.8,455717.2,2041902.2,504029.6,679964.7,1458745.7,111277.8,1799595.5,1185641.6,733117.7,406227.9,1536304.4,1172227.0,666898.0,2798182.7,1135861.6,444386.3,903032.9,594794.8,691965.5,1175328.8,2841114.6,136425.4,126952.8,87915.2,526518.7
Unknown 003,3282113.9,270501.0,304508.9,7563682.6,6446904.7,320081.9,352456.9,126180.3,2642611.6,331584.3,810796.3,755120.6,6231431.1,2881371.0,439245.7,8814761.8,3638109.1,9848361.9,3737720.7,7008208.0,152238.8,5286965.1,102827.6,4006310.1,147008.6,2840741.6,588229.9
Unknown 004,1797864.0,1638310.1,1030084.3,1943265.0,2202566.0,953443.9,695955.1,885138.6,812301.2,333394.9,2180475.0,464943.0,1984537.0,1276970.8,1599278.9,1889629.0,2029903.0,3803879.8,1701340.3,1637753.0,716012.1,2155659.3,836819.2,1185526.0,1061003.1,173510.5,475314.2
Unknown 005,268874.1,4653078.1,519625.9,1591172.3,3347986.3,1909457.9,725960.8,1037130.5,750052.9,1156204.4,3401532.4,496969.0,805245.3,1510981.1,1491010.7,1364833.4,2029435.6,5954354.5,402726.3,896719.0,2729951.9,3668611.3,2615070.8,2185841.3,729021.0,1089310.6,586850.9
Unknown 006,526161.2,350464.1,818952.8,601775.2,1154917.9,768690.0,497686.2,265250.9,727018.6,505600.9,887343.4,509181.9,733613.1,470667.2,789072.7,1093618.3,1458985.2,776967.7,1001448.7,1772849.6,845878.9,1757786.3,713719.7,1359687.9,441903.2,740320.2,665395.6
Unknown 007,464799.7,351796.0,651716.8,419063.4,797278.5,612067.6,243819.4,221596.7,465165.3,469169.0,636447.1,553773.9,441039.2,415361.8,438910.2,705767.5,823456.4,1194337.1,656872.7,1279817.0,612244.2,1051418.3,542727.0,829455.1,424706.2,756798.1,414174.8
Unknown 008,993137.9,1007429.6,1318871.6,1864097.8,2131866.7,1177437.7,406491.4,587794.3,371523.0,835051.7,502953.3,172915.5,118921.4,418824.0,900071.0,155362.4,147647.6,56316.0,280718.6,154773.6,332746.3,127059.5,121283.1,86901.2,184783.5,51641.4,121870.0
Unknown 009,983485.0,1132042.4,1419778.0,1941170.0,2312533.7,1483306.1,361643.6,671797.7,344731.6,944561.5,568737.1,168479.1,289998.0,427731.3,778877.2,342038.8,412430.0,63614.3,282640.2,163449.5,328902.0,150085.0,80886.0,104762.9,156242.1,909020.8,145640.4
Unknown 010,1916900.0,966535.8,267729.2,2781843.9,2442277.2,1238796.0,1271941.2,1380724.3,1203338.7,1819485.5,15295659.2,1615809.9,4823192.9,1610832.7,1129006.2,3017939.2,1310305.0,3193208.8,1201141.1,2757857.8,1417836.6,1811544.3,961349.5,1123402.0,1381705.2,1856188.8,487184.2
Unknown 011,720867.1,297055.2,659174.8,443532.7,382531.5,470989.9,377972.4,465497.5,484012.8,583635.4,325233.0,382277.5,346602.3,578393.9,577550.6,480168.4,117945.1,51787.2,790222.0,559967.2,192868.7,84012.0,260377.5,178289.7,539389.4,737339.9,502066.8
Unknown 012,324758.6,3046982.7,749708.5,531475.1,1568105.0,358324.7,129143.0,193427.8,223591.9,145923.2,357150.8,468588.8,369390.9,218461.5,1151187.2,651863.0,359247.3,3948115.0,258787.9,362624.5,637934.9,349272.3,2357601.9,1623254.4,94474.6,378644.4,227240.4
Unknown 013,132415.8,126725.3,80785.3,105812.0,155859.4,95742.8,86995.2,65963.0,121943.1,63600.3,155924.3,148613.4,126737.8,102943.9,50532.9,125071.4,99246.4,69571.0,109484.0,86000.3,81054.3,91210.6,52012.9,90752.3,102916.2,60991.6,107779.0
Unknown 014,110607.1,91677.8,114666.1,203982.6,138841.0,130860.2,261180.7,44587.3,172795.7,122595.8,168423.9,191990.1,249662.9,283672.1,154846.0,229557.8,150515.4,268918.2,130910.4,103636.7,191088.8,168736.4,139808.9,127981.9,70916.2,135697.1,113090.4
Unknown 015,27647.3,78215.0,34166.6,148328.8,301815.1,69732.3,146417.9,194853.1,67123.7,94727.3,210173.3,302240.8,85674.2,24746.0,68708.5,144259.3,212240.5,114127.2,207632.7,102765.6,92970.3,131693.2,106705.7,171739.7,48835.4,146185.6,188284.7
Unknown 016,82482.0,592139.7,628111.1,912519.9,1295637.5,880144.9,417943.7,0.0,586883.6,124215.0,152418.3,519980.4,366616.4,128208.7,234664.9,164140.1,247477.5,1153443.6,829366.7,215405.7,821101.3,558583.3,562123.3,264153.5,188525.6,38453.7,525106.7
Unknown 017,89560.0,167401.1,158188.4,76754.7,138123.3,136027.2,173252.5,194933.5,94061.8,111449.0,157866.8,203384.1,147442.8,151268.8,101754.4,249965.3,139282.0,1011011.0,106911.7,153854.7,173092.9,80218.0,249965.6,137846.6,87109.0,173900.4,148914.7
Unknown 018,79461.3,32616.5,45196.2,93671.2,60632.0,82693.8,69573.5,15382.6,57900.1,48438.7,45223.3,70432.8,42576.1,105973.6,66097.3,89768.5,89464.0,239145.0,54876.2,54718.4,75894.4,239770.9,73473.1,55111.1,169515.7,417379.9,44871.9
Unknown 019,164887.9,350287.3,2721998.0,3072307.1,618510.3,1349616.8,1846399.3,1326151.9,2414153.4,3215166.9,1963954.5,1589898.1,2277987.0,2777988.9,2796596.3,2399478.6,7835095.0,12113980.0,11035720.0,7976417.2,292855.8,5102935.1,4660855.5,8119416.0,161799.3,9780168.2,192207.3
Unknown 020,235077.7,156208.7,207208.4,124967.6,71187.4,109552.6,30500.8,64457.2,62832.6,47183.4,51111.4,25418.0,42361.4,62850.5,92432.6,120417.3,187585.8,278262.7,193465.6,169112.3,192447.4,151372.3,137284.7,146464.1,116072.7,129280.5,74316.5
Unknown 021,53513.6,123065.4,77209.9,102186.0,78033.2,114859.6,98572.2,73256.2,119656.9,155158.3,95799.1,122846.4,50793.0,92315.6,123318.8,110143.3,90432.0,173191.8,85994.1,103320.9,135297.7,112771.5,108792.7,93716.4,124082.1,109481.0,60517.2
Unknown 022,238336.5,501315.5,552131.5,451609.3,261761.2,422118.6,98451.8,156216.5,218667.0,152889.6,267042.5,550921.3,1292327.5,1129631.7,462147.4,968059.0,215685.8,248760.1,304119.4,639597.2,526570.6,907916.1,552058.4,429189.5,93033.2,425603.3,97083.6
Unknown 023,51880.3,171466.8,145459.1,141922.8,129762.3,185088.1,65626.2,16125.9,111216.9,123794.6,104979.0,79248.9,25018.5,47862.8,83836.5,154137.2,241537.2,2806430.0,251653.2,203366.6,179703.5,184234.1,110359.1,95976.3,77442.5,571296.0,118158.6
Unknown 024,272809.7,1770395.6,671187.6,1757576.6,1764432.7,1711086.4,1130265.1,476000.0,1119326.0,413927.2,553541.8,1270288.7,1367964.0,1636145.5,385348.1,1751372.4,1000568.0,1993050.6,985054.1,16493692.8,1682006.5,1870317.9,834883.3,726868.5,4153104.0,166355.6,881250.2
Unknown 025,70222.3,107674.3,57781.7,878488.0,246293.0,114281.7,206896.6,124231.8,359330.3,135262.5,123000.3,92105.6,141666.1,146870.5,1440038.2,156180.0,431330.4,1095893.0,568117.3,1216912.2,871958.8,462942.0,526067.2,497858.7,110066.8,1102102.2,107118.2
Unknown 026,406662.5,365038.5,537498.1,352923.0,525808.0,530885.5,203641.2,330867.3,307369.7,382635.6,268465.0,347423.5,266957.6,356890.6,497096.8,530509.1,372063.0,758127.0,563683.0,1522086.0,884334.0,747812.0,433703.0,1454732.0,536676.0,1456142.0,520404.0
Unknown 027,2861444.0,5503131.4,4965171.8,594284.4,614493.4,340175.3,4778188.2,610869.5,5337147.9,8199645.2,4587518.7,598824.9,439203.0,425925.0,860837.7,318737.9,72804.0,834501.9,3454298.5,4940025.7,639446.9,465890.5,4443109.9,4764698.8,6795701.4,5708719.3,4968464.6
Unknown 028,666383.8,0.0,749793.5,1041911.5,785206.8,995886.0,1271123.9,643781.1,1539072.0,1991272.2,1114429.2,968290.3,1381563.3,1620285.9,624033.0,1298020.8,0.0,0.0,0.0,650858.1,0.0,0.0,0.0,0.0,0.0,0.0,1403374.6
Unknown 029,565416.5,208844.3,1025086.7,3526909.7,1228810.2,2058093.7,914637.7,233295.4,1223248.6,1203708.1,654281.0,792670.6,1098463.8,1790943.5,784660.7,1793491.8,3671544.5,2304763.5,1480422.8,1814798.2,3163623.1,5249967.8,2726949.6,1830048.0,726026.5,3454408.8,1344681.4
Unknown 030,49905.6,65494.7,124933.2,147192.0,148549.4,192120.4,53241.1,27495.9,69476.6,95356.9,90312.4,84619.1,147191.1,176261.3,80212.6,176867.4,145676.6,339861.7,137688.9,113415.5,156494.7,217988.6,144561.3,204284.5,108142.7,89158.6,63017.2
Unknown 031,0.0,315304.8,0.0,73448.7,260377.0,99295.4,0.0,0.0,32568.5,0.0,0.0,42217.5,0.0,0.0,0.0,0.0,0.0,150455.8,138979.8,123736.9,389096.3,158184.0,109291.5,176744.1,0.0,0.0,0.0
Unknown 032,316004.5,950319.0,1331472.5,947993.5,483203.0,730095.2,681153.5,307285.0,348965.4,416418.0,764280.7,498559.7,1430135.1,1635555.7,499919.0,544428.8,0.0,0.0,274808.5,99511.3,217308.5,248173.6,0.0,0.0,25204.6,66065.9,133284.2
Unknown 033,1603269.2,1663348.8,2545820.6,3397952.4,2761752.1,3285517.7,2462751.3,1956822.0,2779478.0,2723413.8,2667278.9,2532345.3,3086066.6,4011627.0,2663585.1,3503060.6,2232701.3,4204638.0,1843424.0,1790107.5,2164908.7,2524222.4,2267484.9,1893312.5,1856121.2,2412705.3,1873492.7
Unknown 034,55482.4,75443.5,64216.2,141244.7,130308.1,121133.3,35370.4,114058.6,60147.3,271199.3,121777.3,38755.3,12088.4,58135.0,55623.7,43345.2,12261.3,43740.9,36062.1,4639.3,47783.7,47211.2,46104.0,27140.1,0.0,40578.5,134632.6
Unknown 035,0.0,0.0,111557.8,12161.5,276492.1,0.0,0.0,0.0,0.0,0.0,0.0,0.0,0.0,0.0,98318.5,0.0,7557362.4,12208936.8,4727258.8,8090338.1,2431384.4,1400946.0,1228146.5,2987122.1,1599404.5,886783.5,103432.6
Unknown 036,405386.6,353224.0,275395.5,991522.3,1601087.5,938845.3,82792.8,451736.1,239131.9,510179.9,561339.9,120630.4,46083.3,372802.4,689854.8,893834.4,18094.6,104802.6,166984.7,145023.1,105944.7,147426.5,189233.2,129383.9,0.0,307734.2,160949.0
Unknown 037,77995.6,305307.0,160441.8,384765.3,218387.8,380135.0,529007.5,264342.6,548271.3,0.0,171440.5,301377.9,395256.1,744023.4,548117.1,509365.5,480982.4,406600.5,310962.4,224695.8,407846.7,254107.5,356409.0,375632.3,236245.5,409872.9,0.0
Unknown 038,671149.6,1326290.8,2081699.0,6399229.7,4027765.3,2969687.4,818138.4,599681.7,724073.8,910348.7,732088.2,3097681.0,2682748.9,1475839.7,180489.2,1043609.6,0.0,1305952.6,749836.4,894072.6,5416822.0,0.0,613528.5,145686.3,332631.5,0.0,56191.5
Unknown 039,687536.4,1084826.1,1930248.7,1971593.8,1544080.3,2046982.2,903989.5,899087.4,815250.5,995681.9,916022.4,1618206.7,3558973.7,3253103.6,1970345.8,2049536.3,271320.7,1806003.7,0.0,2786907.6,1112768.7,578769.4,1417490.7,0.0,838169.2,2519062.5,795229.9
Unknown 040,51743.7,76125.0,77630.4,94252.5,83848.0,72310.2,66081.5,33601.6,65333.7,80352.6,56759.3,55383.0,64595.3,88980.5,74543.3,84322.9,380098.8,664273.0,307594.6,426674.0,265486.2,231089.5,232252.9,277201.0,145156.5,247901.2,50699.6
Unknown 041,3392783.5,6299979.0,5521388.1,4865173.1,4381312.8,4547233.2,5656140.1,9742738.8,6334546.8,9726787.5,5405430.1,3888117.3,5661861.4,4912429.6,4861086.5,4620463.9,3079455.5,3818125.3,2011316.6,4862937.7,3463882.3,3174628.0,4285584.0,4317385.5,7848392.8,6034157.7,5659782.3
Unknown 042,12279.1,740038.4,877170.9,632095.3,1415526.3,493397.0,170065.6,17050.1,400583.2,10939.7,166249.0,266266.9,241386.7,109878.9,595986.3,189925.7,751386.9,2670322.2,1848825.0,481862.1,871791.8,1198411.2,886568.7,20113.8,395154.8,0.0,447071.6
Unknown 043,1669054.2,2551282.0,2789862.7,3297714.5,2429977.7,4942404.9,3144069.8,2340288.0,2872225.3,4197164.8,2664878.1,2373326.2,3243436.9,3274383.1,2837779.9,3238615.7,3053625.9,3544355.7,2527990.7,3915722.1,3265946.9,2306278.9,2821375.5,2583993.1,2357928.3,3388886.0,4254785.6
Unknown 044,159736.5,243606.7,719511.0,488458.6,366470.3,497554.7,222983.1,250027.1,238471.3,357140.1,1082378.7,283760.4,860470.6,868917.7,149321.2,542903.8,273402.0,2300769.6,471818.1,327262.2,305355.6,584006.1,223205.6,296229.3,234661.9,125954.3,202832.0
Unknown 045,250245.2,313437.9,0.0,557142.4,0.0,0.0,166758.6,202501.2,0.0,307611.0,0.0,183054.4,422144.0,519603.0,438901.6,423811.7,445592.1,1553667.0,530801.2,436348.7,460232.1,778780.1,426132.6,526850.2,235430.5,847591.4,154065.7
Unknown 046,0.0,260343.0,0.0,361080.6,367917.1,281360.2,408816.5,0.0,646080.4,0.0,217664.8,0.0,605379.9,459439.6,311033.0,626556.8,835613.4,536935.9,479744.5,349704.6,331342.0,400141.1,188829.3,614503.2,0.0,399866.3,0.0
Unknown 047,88715.9,223855.7,322702.7,676764.3,501717.3,806684.9,85613.2,446736.6,52252.6,267736.7,405037.1,373509.4,118925.9,316072.4,334391.6,332023.0,1646517.0,0.0,411560.2,1196907.5,348484.4,1256524.2,475179.2,424427.7,259434.8,706549.9,389200.0
Unknown 048,2386049.9,1001321.0,3838434.4,5875766.0,2284484.2,2851475.5,1277391.1,545908.4,2030382.7,3537432.1,1648705.9,1584729.4,736651.4,1753590.0,2548794.4,3451889.9,17108041.5,19450779.0,5420240.8,8476702.3,8220480.2,21142722.5,8675952.1,8456231.8,3055357.6,15984577.9,3693764.3
Unknown 049,841277.7,1497011.0,1624547.5,2732233.0,1982904.6,3115731.2,1027387.3,1711644.4,851113.9,1639419.8,824893.1,976298.5,1241701.4,1459064.1,86161.9,1443094.0,2339415.9,3831472.7,1879017.7,2402163.0,1461346.1,1972881.1,790849.7,1117048.7,80808.5,2622282.5,81924.5
Unknown 050,359069.9,545034.3,587139.4,936316.5,735620.8,1368805.1,280829.0,1052316.8,102810.5,571174.5,833465.2,808304.7,581749.3,769742.8,558906.4,649695.3,2505227.9,0.0,423054.7,2145989.4,0.0,1844422.2,596975.6,671353.1,542372.1,309482.9,471353.2
Unknown 051,282749.8,30115.1,52329.5,239544.3,202400.5,70012.8,11831.9,57228.5,184020.3,40126.4,263924.3,235870.0,352877.2,342258.5,15257.1,290496.5,212267.2,157278.3,269879.9,0.0,29000.3,45574.7,14112.1,39558.3,0.0,0.0,17432.4
Unknown 052,2084770.2,926230.5,1549949.3,4448748.3,7291509.9,13457193.3,161201.6,2922866.3,1991222.0,1009928.5,1525163.1,1392114.6,3082958.3,13580488.9,1608141.9,8312819.1,4618593.7,3507482.0,1980937.7,2667686.4,1299738.8,8946616.0,1439343.7,2565701.8,441647.8,3615546.5,1003174.7
Unknown 053,368694.5,525039.5,3175927.0,7822639.0,694653.8,8579007.0,603765.8,457178.1,369694.9,1136381.0,458157.8,2727373.0,2443165.0,5123587.0,2615894.9,891917.2,1119275.1,2129483.5,994816.2,23077588.0,3345513.0,12200138.0,5031296.1,165726.4,108167.0,5940341.0,555589.1
Unknown 054,342309.8,500239.2,1142090.2,876537.0,3521159.6,2317422.0,295720.6,939663.9,1091835.1,1275885.0,676257.0,465129.2,944151.7,1463473.6,1236441.6,562055.6,1530910.3,3067936.8,1803508.2,2240063.1,980950.6,1065699.9,2014036.4,1507566.2,539322.2,586183.8,538829.1
Unknown 055,90042.9,90909.7,358567.6,421061.1,3727635.9,652366.1,0.0,237626.8,288644.5,590673.9,219611.2,4251.9,6568.1,8158.7,306165.1,36405.3,1961748.5,2380303.6,1810415.1,727738.9,1449337.1,886749.9,1205056.0,1023656.2,235789.6,345654.5,171479.6
Unknown 056,24038.3,48293.4,47409.7,744096.1,2004370.9,386531.9,16801.3,96067.2,94331.3,50992.6,179468.4,99380.2,26173.6,50765.9,39976.1,1130419.7,1098314.6,5920017.0,527664.0,530501.7,398059.0,516885.6,78384.1,888407.6,56947.3,94379.1,70991.8
Unknown 057,1431855.4,1207868.4,4505496.7,1964688.4,689030.1,1076228.2,664195.4,487563.1,651591.4,1067417.1,947785.6,1002730.4,2263064.2,2492605.7,2186085.0,1640024.7,3144489.8,7068408.0,2121322.2,4021877.5,1962562.7,3659921.0,2538837.1,1908411.8,784804.0,4121478.1,699478.9
Unknown 058,81284.5,137093.6,552523.6,1650273.2,370667.0,588287.0,0.0,146908.4,95659.6,47985.4,65989.7,301299.7,433620.7,72679.6,57633.4,485992.8,259196.6,1801584.9,635146.4,1031389.1,1074375.2,130952.6,194209.6,138706.2,0.0,37043.1,37942.1
Unknown 059,600613.3,679601.3,3509071.8,718760.8,528422.2,994690.0,1974558.1,958380.8,1237989.2,2620418.6,753046.7,1979890.5,4142475.5,4052715.4,2543414.5,3428890.6,275706.9,587630.4,394763.6,857935.0,538948.5,901707.8,1669545.1,665474.0,302593.9,1518162.5,326347.1
Unknown 060,2963187.7,1008436.8,14851572.6,4174072.8,1318369.6,2315772.2,2131037.8,1420185.0,1560321.1,4136177.1,1072640.7,2772192.1,6047845.2,6978029.6,5089491.5,6069500.3,891859.0,5552073.9,707370.2,1549077.8,1075822.7,1696095.9,1464593.4,914679.1,426436.4,2734895.8,514471.5
Unknown 061,122670.2,340762.7,233319.2,223609.6,452099.6,354324.7,766310.0,138421.6,269807.8,1017697.2,101565.2,1512457.6,2210623.6,235057.3,207822.5,620618.4,364817.0,801622.0,240054.5,104663.6,134773.3,399894.2,308140.5,224117.8,127358.7,483894.7,75127.6
Unknown 062,767234.7,669947.4,2357073.6,258414.8,480880.7,598154.8,409002.7,294114.2,179928.1,619352.4,237333.5,448701.0,794446.0,701474.0,1262237.5,758845.9,737178.3,225686.2,529918.6,1657116.5,828770.4,1141760.9,519647.8,888177.5,502400.8,842517.3,457188.4
Unknown 063,332025.5,347709.0,829208.8,884361.8,777632.6,534341.2,446149.5,170694.0,373753.1,493520.5,177824.7,450087.8,1063120.0,1149516.8,479896.9,1301789.8,135306.1,1407693.3,142073.2,1283676.7,1085470.3,287141.4,315944.0,203025.7,57546.0,881074.3,111546.8
Unknown 064,738943.0,561820.2,2389484.7,1367902.2,599535.4,1255950.3,722305.5,557532.6,428756.2,1223518.7,714079.3,1512103.8,2305580.1,2977678.8,601864.3,1299974.2,467576.9,1577906.6,158433.3,1561868.5,307584.5,607849.3,415883.9,301878.5,217558.0,663338.6,221317.2
Unknown 065,1187519.4,955588.7,1113212.8,382139.9,283151.0,662741.0,1753781.6,1347628.8,854184.3,4391548.1,1354394.3,4275487.2,7538167.3,779232.0,2275677.4,769968.0,182674.3,739480.0,175504.4,211393.9,133394.6,570247.5,618884.1,351587.8,386513.4,1140797.9,239638.2
Unknown 066,1175667.4,579666.6,5639426.5,4759711.1,4846191.5,3802906.6,1859110.9,1390354.0,2069577.4,703041.5,640172.7,870115.5,1764523.9,4945659.1,5277763.0,4185132.9,1002305.3,4126997.6,687321.0,1905773.0,4170727.9,1348311.4,1147512.0,53182994.1,453234.2,1965639.1,1520888.6
Unknown 067,2467627.9,2505541.6,10338859.7,5658339.7,4014676.6,4581970.6,3390536.3,2835845.5,3469315.4,6015970.7,3485309.0,4602429.9,8796549.8,15464011.4,8977069.3,4420781.6,4353245.7,2889364.8,4604326.7,4914628.8,6565855.1,7156487.1,2389100.3,146173.0,3306385.7,5408696.8,4234162.9
Unknown 068,8539941.9,8449020.5,23936573.4,10384681.1,9801259.7,9316907.0,7160758.6,6775774.9,7220118.2,13452169.6,10388451.4,15881820.3,26379680.2,31681731.2,14764864.6,11177202.2,8262378.0,5078458.3,7604827.6,10124379.6,11252686.8,14351457.0,5266910.2,8816031.8,8544288.0,10181599.5,7386264.2
Unknown 069,159842.0,296619.3,794112.4,1580946.7,646397.5,1135993.0,132317.6,123467.2,144754.4,243765.2,226174.5,308595.2,2229424.8,5115642.2,2706990.5,1765735.8,682729.9,978151.0,873706.0,322555.1,1265389.0,322490.3,1069399.5,205607.1,229422.1,1449223.0,672219.3
Unknown 070,1299931.8,1542931.4,3093478.0,3614418.2,1996963.5,1531080.8,1726375.0,1795583.7,1286204.3,1657604.4,1291489.4,3689290.2,4694299.3,5347136.8,2879743.7,2536163.7,1086297.9,6013213.6,17300570.5,1741223.7,1302554.3,2445030.4,2122126.9,1169859.9,7928041.6,8766122.1,2364867.4
Unknown 071,3487757.7,1874952.4,6084232.3,4893569.6,3429392.4,3670979.6,2024558.4,2461975.2,2172594.7,2078625.7,3110696.8,6323317.2,3949973.1,33241428.7,58367464.0,3436508.4,5160950.7,103523575.2,3320299.1,47416288.3,5017780.3,7545660.6,37617832.3,10558179.9,3132241.9,87674476.4,4099599.5
Unknown 072,178913.3,4366469.2,192667.0,134956.7,287153.2,732787.2,2718082.4,1590820.1,1089386.3,1254248.3,1588776.5,1059637.5,177205.8,3299191.9,1919363.6,385252.6,383668.0,479090.0,108880.0,120137.6,945070.6,610733.5,135314.7,1072805.5,355086.8,493849.3,150471.6
Unknown 073,995515.4,598418.4,1921874.0,1142097.7,1441883.5,885189.5,679372.6,550398.6,1401849.7,1385880.6,1192812.4,1315980.8,1685869.3,3124258.9,1593752.6,1436407.4,631605.0,273380.8,689662.0,717355.5,899637.2,1300994.1,475056.9,804799.7,578180.4,797967.0,754088.7
Unknown 074,2708931.3,6037686.4,4245797.9,7674441.2,7095770.0,5427404.5,3746735.3,4707436.8,3255992.9,3634661.4,4733853.4,2861591.1,9484427.2,9645053.6,5692219.5,9034102.5,2827803.0,5503794.4,2095657.5,2530894.0,2777723.5,3259743.5,1944818.4,1525992.5,871968.8,4286044.0,1216869.6
Unknown 075,7077607.5,4930893.9,12351511.1,17697977.9,8307021.2,12404595.5,5948142.3,7401752.7,7033753.9,6873390.8,8459480.5,20211411.2,10756999.5,16864258.5,23696501.7,10117538.2,15167919.7,36981443.0,8417787.5,16665661.6,15052017.4,22103544.5,15789920.6,17631880.0,8717092.1,38706260.0,12391465.6
Unknown 076,907288.2,874834.8,3743836.1,1621690.2,1084203.5,1041547.9,841558.2,751977.7,794072.3,1488222.2,1174994.2,2047878.9,3111070.5,5553973.3,3409168.7,1253841.1,1628947.2,1543357.9,1210082.6,1726241.0,1806848.7,2797974.2,639793.2,1737171.5,1145131.2,2499681.6,1225460.1
Unknown 077,934524.7,582524.0,509309.8,1015215.9,1210203.0,253040.9,284284.6,538460.3,760580.5,530370.4,1866732.0,2175752.1,3747430.5,833189.6,3542682.2,1233873.6,2310651.7,1423082.9,1447364.3,2181930.5,1881087.5,9042474.9,1056045.1,2561014.8,615573.1,5924756.4,1279251.3
Unknown 078,139971.7,124075.6,127419.7,181951.4,338061.2,667846.4,43492.2,116573.1,145159.1,287237.2,828128.4,331653.5,116040.3,737312.4,260952.9,224102.6,272363.3,244129.4,262744.3,257247.5,249389.6,3408300.9,476670.6,493857.8,86156.0,1843764.0,112565.4
Unknown 079,777088.7,269844.4,490628.2,187145.9,181425.6,182454.5,184055.0,245527.4,147557.6,161408.6,168188.4,1398921.9,212253.4,326000.6,603628.7,247135.4,357418.9,502195.3,282025.1,368425.7,402510.5,479937.8,187101.1,143999.7,74936.1,326770.6,624788.3
Unknown 080,1956727.7,813875.2,1373809.4,1208836.7,566676.0,596983.0,503717.3,696127.5,347286.7,454997.7,781796.1,3475518.1,790272.2,1070482.2,1469862.2,414849.5,470274.9,895770.4,265269.9,570648.4,170378.2,1117365.5,170206.8,376884.5,1071296.6,1028604.9,1559204.0
Unknown 081,1128961.5,460612.8,740003.4,1048441.3,374547.7,367423.0,457781.9,329878.9,417486.1,518246.1,719931.8,1938594.7,2258696.3,1635766.1,721767.3,662690.6,459231.9,1135710.3,308336.0,672543.0,694446.8,522333.3,680170.9,751119.4,508564.2,618953.0,897205.4
Unknown 082,524901.5,341948.3,1174999.4,1791880.7,707279.5,1170098.9,877698.1,694735.6,1069920.2,990719.6,866971.5,1271707.2,1553833.5,2898632.2,2695517.6,1563378.5,1964310.2,6475272.0,782651.7,2450522.9,1578373.3,3561883.5,2979541.6,1676770.1,681351.3,3913229.2,867081.7
Unknown 083,231022.0,137518.7,295058.0,1004093.7,338005.5,497058.5,345011.4,239549.6,383334.8,215817.5,678646.6,958079.3,700244.6,622793.3,1271366.3,465681.4,796452.7,2134148.7,442309.0,445743.7,1375596.8,1429848.8,800061.4,1102564.9,384722.7,1306232.8,517097.9
Unknown 084,253052.4,380754.2,445001.0,242810.0,185367.4,56836.7,819548.5,737991.9,45926.7,659743.1,388334.6,27382.1,84238.6,227699.5,1076434.4,192810.6,451759.5,770505.1,385444.7,530583.2,311435.9,706586.0,383549.4,197309.5,115105.9,477690.2,439434.9
Unknown 085,702827.7,1211339.0,2785926.1,2621910.1,1091135.7,1924920.0,827748.9,642366.8,833758.0,1084033.8,1219228.1,1508693.5,6468544.0,4062590.1,9193069.7,2048037.0,1640850.5,1251079.5,1257286.8,1229825.6,1623506.5,1079550.9,302836.8,596523.6,0.0,1124496.1,2071189.3
Unknown 086,41764.1,26178.0,0.0,109833.1,96130.4,39672.2,71383.8,0.0,157095.8,0.0,41269.0,77850.4,127150.0,146029.2,32620.0,202185.8,206573.8,296049.8,172053.1,221213.4,61774.4,122792.0,50046.0,177000.4,0.0,247654.6,0.0
Unknown 087,227254.3,656782.1,1479997.8,1384399.1,500523.2,684594.1,604809.7,532829.9,437848.8,878791.6,460829.0,379629.2,2681172.8,3053399.1,4170433.2,1466034.2,581616.0,1333260.5,413483.0,822700.6,790203.5,964205.4,590575.6,428572.0,353254.3,1045075.7,365409.9
Unknown 088,130084.6,481660.1,1030860.2,1148305.9,240646.3,585741.6,490460.1,293335.9,398461.4,619547.6,281236.4,245840.3,732978.4,2613083.3,1173200.7,1317072.6,455338.0,1241795.4,338764.9,810141.3,524828.8,836879.4,304755.5,166402.5,165093.1,954223.2,60945.7
Unknown 089,260914.8,244569.4,329201.4,465579.5,307107.0,200838.4,301383.3,183883.5,264873.7,320606.3,268865.0,137596.3,190791.7,442509.4,311290.3,452297.8,397070.7,453367.9,167329.9,222832.3,270568.5,237396.6,242691.5,371923.7,99939.7,334183.5,217993.0
Unknown 090,93003.2,187763.9,87926.7,258815.3,233269.8,109794.1,250236.4,113609.1,267887.8,221480.7,192488.6,369765.9,359779.7,541388.8,254390.1,317096.1,334475.1,381678.3,164481.0,340733.4,304612.9,189736.3,303097.0,299112.6,230496.6,519831.7,313049.2
Unknown 091,0.0,79117.2,125898.2,899008.1,597117.6,504414.2,520896.0,61361.4,909301.2,0.0,98730.6,0.0,1104898.6,1314413.4,96313.0,1109078.2,1079981.1,1812354.5,966903.9,1286707.9,859124.8,1333043.7,741757.7,1122349.6,0.0,1818083.4,0.0
Unknown 092,21386.1,58091.9,107405.2,235326.5,195591.4,0.0,0.0,0.0,16822.6,84226.5,0.0,0.0,0.0,62324.5,55800.7,151223.1,437484.6,769801.3,323642.0,241276.4,196917.3,344400.7,147622.8,354167.6,0.0,729191.8,0.0
Unknown 093,458208.7,360126.1,690547.0,273609.6,407183.4,555297.9,135992.7,82448.2,474029.2,141120.9,722442.9,142331.4,102354.3,187785.2,844241.5,705401.6,1388316.8,28477011.1,98226.0,1257284.2,167641.2,1751519.8,164503.2,179899.3,22125614.8,26045393.9,214214.3
Unknown 094,471934.4,1038634.1,1475659.1,1472884.1,989796.7,443831.4,448621.0,348754.1,675077.4,1175492.1,907181.6,364748.0,520102.8,2045327.1,1952634.2,1749778.3,2629334.3,6466399.1,1748124.8,2663394.6,2005793.8,3765589.1,2306002.1,2711152.9,1078092.8,5495935.8,1074348.5
Unknown 095,536566.6,323818.7,1125847.1,1326142.8,1048122.3,1354967.9,688173.5,505431.2,539479.9,1629563.1,1266673.7,1016634.3,1925382.3,2279739.0,1346430.1,1621522.7,737070.1,2708736.0,706559.1,1380889.8,1008650.0,1466117.7,668568.9,358348.9,857686.7,2665885.2,1047767.0
Unknown 096,388858.8,324939.5,1038648.2,692094.9,623105.9,571475.8,123610.5,53654.2,169516.0,163756.2,140009.7,98001.4,148848.7,914689.2,913420.5,1473781.6,2094209.6,4499393.2,1206185.2,1264391.8,1704940.2,6381794.2,1156573.3,1668010.5,282226.7,4066327.2,350321.5
Unknown 097,534601.8,706633.2,1055205.7,1313688.7,898077.5,865301.2,559144.0,351929.6,403433.8,568120.0,741749.3,572310.0,937948.6,1468198.2,1166250.6,1220745.8,3371016.0,6906168.0,2218560.0,3487867.8,1970753.6,3812272.0,1298611.0,2180592.0,577328.1,3841384.0,503326.8
Unknown 098,275447.1,248362.4,852212.8,401207.6,282044.5,212262.8,320372.1,53654.2,190259.4,342750.3,98153.5,130502.0,336036.0,575144.0,1099400.6,352936.3,4102987.6,8820691.4,2473760.3,4025250.4,2045495.2,4488507.6,903754.5,1707195.6,353497.7,2191932.8,490734.8
Unknown 099,37297.0,76537.2,171823.4,322963.4,383012.7,90986.7,32567.3,27372.8,41610.9,47227.3,27193.6,46032.5,26487.8,54624.4,129385.7,44353.9,58853.4,197615.6,157124.1,229330.6,293774.2,63445.1,170820.4,48597.4,28180.5,126675.6,0.0
Unknown 100,529495.6,890632.1,563982.2,431094.4,683403.2,1457541.7,788338.6,198826.6,656558.1,745579.4,848385.2,849578.4,998611.3,1004759.8,693802.8,1017155.1,836698.8,2047103.9,1793756.9,655242.7,617218.2,1127448.4,898114.5,324812.2,524673.3,1655122.5,631926.4
Unknown 101,0.0,371001.0,0.0,1293381.9,1106046.0,214774.5,134992.5,44391.9,1341810.5,74698.5,0.0,0.0,2154317.0,1649033.4,1023457.2,2134122.8,1483905.7,3059682.7,1275210.1,2925473.1,584743.4,2446164.6,222030.3,2148175.6,0.0,2370345.5,0.0
Unknown 102,169676.9,366595.3,438193.2,588087.3,128908.3,648602.8,509553.7,188397.3,194842.8,896321.8,383977.3,198375.6,475460.0,2073344.0,642221.2,566700.4,845607.1,1124735.7,111686.9,522305.0,692146.8,690794.1,1180168.9,767539.2,520302.4,1581017.9,596960.6
Unknown 103,421140.0,697108.3,1103351.1,1547564.2,613878.6,1124731.7,1310906.6,444881.5,799068.0,891806.3,686302.4,356628.2,551207.9,2230643.5,2574870.3,1925947.2,598167.1,2412493.7,1128318.1,1965104.3,947326.5,1250812.6,1652651.1,1778903.1,597041.9,3113246.2,1068112.9
Unknown 104,321288.2,857503.9,412290.6,417874.8,439722.2,395352.6,290716.4,1883739.2,258576.1,1832669.8,344097.4,958813.1,1566925.9,555148.0,262619.0,537313.1,369671.7,1980551.7,814435.1,988464.1,395397.4,338520.9,228445.0,754902.0,615656.0,334880.6,380409.1
Unknown 105,3932357.1,3040021.4,4679701.2,9354307.4,7091862.4,6395019.9,9321881.5,8302850.1,8126039.3,8268555.1,5806469.1,3549860.3,6368931.6,9904983.3,8789893.1,9349335.5,3467057.7,8208601.3,3005016.2,4214802.2,4715760.3,4990674.0,2467048.8,7055913.3,2311121.8,10380275.4,4342756.3
Unknown 106,121966.0,273334.4,155717.7,144875.0,84470.7,72522.6,96526.4,120892.8,96754.5,128172.3,117685.6,127078.1,84012.9,161762.0,326910.2,121909.0,112996.9,191972.3,133376.2,234502.2,102955.8,119383.6,160547.3,119866.7,131614.1,349204.7,89320.4
Unknown 107,2331022.4,4965649.0,3087309.0,545782.3,1127486.0,2880970.2,577427.9,3369529.3,653617.9,6452430.7,446446.6,471873.2,589782.3,885068.7,2323514.8,1075235.8,6162701.8,325291.7,2260452.8,503876.5,1827775.5,2543530.6,3020306.1,3996707.1,3977027.9,892742.0,2145053.0
Unknown 108,3247353.0,8903623.2,7151192.0,2253932.6,2804008.4,2583904.0,1965624.0,7141955.0,1015737.1,5225847.0,1374215.9,1527644.8,1612672.3,2901059.2,2718460.1,3055243.5,3113414.4,2103030.8,4090944.0,10842312.0,1004776.4,5038161.4,3564912.0,6504739.2,5104731.9,5996659.9,3888933.6
Unknown 109,1072486.6,1429940.5,1676966.9,1926646.8,10950536.2,1622431.9,1242060.3,648828.8,856798.9,1053610.3,779490.8,4177471.9,732345.7,1733605.6,2265067.7,2547163.7,3921472.0,2407963.0,1752845.9,3185575.3,1608960.3,2176375.0,1914650.3,1712570.8,1100142.9,5340400.0,1148149.3
Unknown 110,1113452.2,1393375.5,1698608.2,2738370.3,2206309.1,2391994.7,2007016.3,1928720.7,1993369.9,2412059.6,2300722.5,1575857.5,2184178.5,3687178.1,3538932.1,2875993.8,1399066.6,3520039.3,1103054.8,2498015.1,1791134.3,1518686.8,1855095.7,1366953.6,889366.6,4540636.8,1946221.9
Unknown 111,291682.5,265198.6,369653.0,384769.4,372119.9,327179.5,151099.7,248183.1,220011.8,452484.5,253728.3,210264.4,292464.0,370640.3,288002.1,367192.0,327050.3,607666.4,448571.8,490313.1,444705.6,480714.5,303635.5,362347.4,193897.9,913163.0,371368.6
Unknown 112,800496.1,923373.5,760460.5,1209921.9,633619.9,1054282.6,901476.7,761920.4,756944.0,715785.2,1877423.0,892520.1,858584.1,779405.7,991704.7,492376.6,423528.6,2972964.5,234958.8,1092444.6,749344.8,537763.1,425455.8,1514324.6,596889.1,3577794.4,681153.2
Unknown 113,4880638.3,4272176.3,577841.5,198568039.7,1017028.8,242655.9,1035482.2,1842314.8,173564240.6,185121848.2,7766859.4,5267557.6,170997926.9,217280832.1,200977392.2,1560878.8,166476701.0,137757352.2,160930250.9,164637756.1,167455038.2,214380.6,130819.1,161734961.4,227070.5,184695565.6,909225.6
Unknown 114,4735036.0,2009592.2,6489730.0,8193109.9,456692.3,5883292.4,7419565.6,1792493.6,1413957.3,1680150.3,8501582.9,135143.6,11208996.0,15843645.5,13611999.7,8308508.4,1167958.6,2852185.1,5752979.0,7213537.5,4362959.5,5624945.3,5720327.3,4754152.0,473802.2,6043812.9,5489875.9
Unknown 115,2082071.2,3628005.0,2250968.1,3074116.3,2476792.9,2456572.2,2762686.6,3587565.7,559470.2,4448880.6,1330614.8,2112562.7,2138419.0,4761978.7,10350997.5,3737678.9,377482.1,5664259.3,2131607.7,5182219.9,1410340.9,1731058.4,3380633.3,1909470.6,1807576.6,30887004.4,1721508.9
Unknown 116,2290615.0,3215146.2,3573754.0,4926461.7,3689989.0,2827362.6,3412659.5,4444684.9,3778660.3,5703379.1,807462.3,2762937.0,7350421.8,11163698.9,8292324.5,807637.7,1033817.2,1402620.0,1654406.8,1361156.0,654331.0,2550110.0,624358.0,1425660.0,1998699.0,6732734.0,2031615.5
Unknown 117,3383502.0,3724889.6,6020745.6,5409815.7,3564257.8,3840894.0,6079527.2,2698610.5,4695578.3,3686477.6,4822366.8,4373661.1,7006653.0,7660603.2,5765598.9,11336769.9,7069732.1,16196495.8,5696742.8,5024266.0,6366047.3,12065235.9,10341376.2,10615183.0,2994352.2,19875054.3,3737774.2
Unknown 118,9744045.3,8444274.4,14878956.2,20157303.4,11374741.2,19832448.1,25890312.6,18867951.0,28023889.6,19686061.1,16596023.3,23916743.4,44492263.9,27612597.6,18627479.9,67880064.2,8397630.4,17350114.9,5683921.3,9042109.0,7670159.5,12111245.9,13167194.6,15262792.8,5743476.0,33443715.9,11110957.6
Unknown 119,2551706.4,1855146.8,972195.9,4979178.7,2822326.8,1569915.0,1514241.0,437130.5,734226.2,476435.9,1690140.5,2227994.3,1086959.1,4069130.3,1924740.9,38520893.4,895932.0,3390528.6,2358614.9,692030.1,633974.8,114323.6,1014220.6,1109697.8,1784143.6,1143856.0,2100138.7
Unknown 120,188693.1,202579.6,518569.3,598320.4,245082.4,540470.3,772329.6,650737.3,691743.0,631296.9,307059.6,577569.6,1332189.9,1046969.4,807909.0,2885356.9,86858.5,258954.6,41472.2,122499.4,99994.2,205470.5,288150.5,390983.4,55437.8,933034.1,219311.2
Unknown 121,0.0,137831.8,185468.8,257292.6,95360.3,63937.0,124493.8,62894.7,95050.3,117066.3,160340.9,86667.6,109595.5,296416.1,143122.8,204531.2,191528.8,579873.0,276357.8,220244.8,430741.2,297161.0,282587.6,275333.8,93725.2,665676.9,99673.3
Unknown 122,20086.8,281785.6,318770.0,403678.9,288447.1,11760.6,41946.5,52610.4,94771.0,88300.1,102180.7,0.0,17886.0,222522.2,274470.1,320648.4,508638.8,1163292.7,373590.0,614161.0,487916.0,593693.3,315415.2,377859.4,220446.4,577952.4,39419.3
Unknown 123,417865.9,0.0,346026.7,671654.0,169105.5,449092.3,366708.7,0.0,395882.0,93926.7,475708.1,519725.6,241987.7,830172.2,521885.0,458605.1,72235.0,138861.5,0.0,300017.3,317217.1,120481.1,201147.3,371608.2,0.0,626004.3,0.0
Unknown 124,916261.8,1472740.4,912149.5,895451.4,1299460.7,261094.6,687847.3,838428.2,0.0,1847750.2,1666206.7,681210.9,1811834.9,1619289.9,4066750.5,1114273.9,1224788.5,3112907.7,646600.4,670160.1,436363.9,3641509.6,1088068.3,815697.0,0.0,2253842.0,927250.6
Unknown 125,0.0,0.0,1203241.7,1873639.6,823671.2,606430.1,0.0,0.0,440326.0,1864260.6,893536.5,830469.3,947289.6,1853467.5,2419833.2,1425685.3,1762803.1,4171628.6,801951.7,1304787.7,876652.9,1507916.2,791150.3,701563.0,0.0,4772261.2,979463.0
Unknown 126,0.0,0.0,1271845.8,1299606.5,0.0,1303671.4,1292921.0,0.0,1655173.1,1581327.4,1439963.8,806871.5,2448028.9,4869432.6,1687895.4,1978384.8,905185.0,592529.8,1121886.0,0.0,1409914.5,1446556.5,0.0,868189.1,0.0,0.0,0.0
Unknown 127,2022415.0,1503194.3,1637299.9,4297188.2,2201060.5,888349.9,3377432.8,0.0,2397475.2,2291642.2,2437536.8,2427481.7,3433572.6,5200340.1,1988022.5,4673307.2,1968670.1,3697448.4,1177054.1,2561465.5,1801532.5,2621499.1,1533032.4,1582943.5,0.0,2471392.0,2740158.9
Unknown 128,3785072.7,3938022.7,5422195.2,11059540.1,8827973.3,7010137.2,5702779.1,2621642.2,5639288.4,7464557.0,5877415.5,5397275.0,7113077.3,9950131.7,8362187.4,11989815.9,5611452.0,12997249.9,3702821.2,6864746.4,5547676.4,8945300.1,5635003.7,6363467.5,2519351.5,8491476.2,6078050.7
